scan_num,charge,abundance,mz,fit,average_mw,monoisotopic_mw,mostabundant_mw,fwhm,signal_noise,mono_abundance,mono_plus2_abundance
230,1,400,346.1155,0.0680,345.3161,345.1083,345.1083,0.1748,100.00,912,0
230,1,119,190.1295,0.0516,189.2343,189.1222,189.1222,0.1748,100.00,650,87
231,1,656,346.1161,0.0739,345.3167,345.1089,345.1089,0.0446,100.00,791,0
231,1,443,190.1299,0.0482,189.2347,189.1227,189.1227,0.0403,100.00,740,87
232,1,66,346.1177,0.0829,345.3183,345.1104,345.1104,0.0000,100.00,720,0
232,1,370,437.1638,0.1800,429.4014,429.1390,429.1390,0.0449,4.94,83,0
233,3,1,401.9100,0.2760,1203.4378,1202.7081,1202.7081,0.0000,4.28,368,0
234,4,263,306.9584,0.1096,1224.5467,1223.8045,1223.8045,0.2028,100.00,1547,207
234,3,349,401.9100,0.2718,1203.4378,1202.7081,1202.7081,0.0368,4.28,368,0
235,4,800,306.9575,0.1294,1224.5432,1223.8011,1223.8011,0.0423,100.00,1564,597
235,3,220,401.9100,0.3545,1203.4378,1202.7081,1202.7081,0.0423,4.28,368,0
236,4,1122,306.9579,0.1079,1224.5445,1223.8023,1223.8023,0.0523,100.00,1687,597
236,2,544,288.1637,0.0380,574.6684,574.3129,574.3129,0.0383,100.00,615,15
236,3,81,401.9100,0.3182,1203.4378,1202.7081,1202.7081,0.0383,4.28,368,0
236,3,55,354.5321,0.0973,1061.2197,1060.5744,1060.5744,0.0383,8.66,309,28
237,4,145,306.9594,0.1112,1224.5506,1223.8085,1223.8085,0.0000,100.00,1602,597
237,2,294,288.1619,0.0301,574.6646,574.3092,574.3092,0.0269,100.00,688,15
237,3,425,354.5311,0.1246,1061.2168,1060.5715,1060.5715,0.0362,8.73,365,28
238,4,158,306.9581,0.1390,1224.5455,1223.8033,1223.8033,0.0000,100.00,958,597
238,3,312,403.5695,0.2923,1207.4234,1206.6836,1206.6836,0.0781,100.00,468,29
238,3,378,354.1860,0.1105,1060.1814,1059.5362,1059.5362,0.0467,3.21,571,237
238,3,29,437.1719,0.3239,1309.2895,1308.4938,1308.4938,0.0467,100.00,306,0
239,3,152,354.1874,0.0732,1060.1857,1059.5405,1059.5405,0.0000,4.84,680,237
239,3,297,403.2205,0.1954,1207.3794,1206.6398,1206.6398,0.0666,4.90,468,130
239,3,68,437.1717,0.2536,1309.2890,1308.4933,1308.4933,0.0666,100.00,314,242
239,3,62,415.1965,0.1236,1242.3210,1241.5646,1241.5646,0.0666,100.00,281,66
240,3,317,354.1874,0.0751,1060.1857,1059.5405,1059.5405,0.9647,4.84,680,122
240,3,188,414.8651,0.1143,1242.3297,1241.5734,1241.5734,0.9647,100.00,596,66
240,3,416,437.5472,0.0819,1310.4158,1309.6199,1309.6199,0.9647,3.93,495,116
240,3,295,403.2309,0.0820,1207.4105,1206.6709,1206.6709,0.0638,4.62,442,130
240,3,167,437.1765,0.3581,1309.3035,1308.5077,1308.5077,0.0638,4.37,320,242
240,1,271,413.8585,0.0791,413.0986,412.8512,412.8512,0.0663,20.48,253,0
241,3,163,414.8644,0.1528,1242.3276,1241.5714,1241.5714,0.0000,100.00,609,66
241,3,24,437.5483,0.1253,1310.4191,1309.6232,1309.6232,0.0000,4.44,577,116
241,1,55,413.8593,0.0825,413.0995,412.8521,412.8521,0.0000,100.00,413,0
241,3,183,354.1883,0.0925,1060.1881,1059.5430,1059.5430,0.0000,4.97,379,83
241,1,221,414.5408,0.0430,413.7832,413.5336,413.5336,0.0000,5.41,349,65
241,1,43,413.5173,0.0817,412.7574,412.5100,412.5100,0.0000,100.00,307,66
241,3,24,437.1779,0.3557,1309.3076,1308.5118,1308.5118,0.0000,3.23,302,242
242,3,203,413.5290,0.0986,1238.3186,1237.5651,1237.5651,0.0000,100.00,597,239
242,3,352,437.5483,0.0962,1310.4191,1309.6232,1309.6232,0.0397,4.44,577,84
242,3,475,414.8670,0.1685,1242.3355,1241.5792,1241.5792,0.0548,100.00,474,32
242,2,254,363.7180,0.2281,718.8449,718.4037,718.4037,0.0275,4.94,52,170
243,3,140,413.5277,0.0710,1238.3148,1237.5612,1237.5612,0.0000,100.00,721,239
243,3,52,437.2189,0.0719,1309.4307,1308.6349,1308.6349,0.0000,100.00,640,343
243,3,65,414.8600,0.1360,1242.3143,1241.5581,1241.5581,0.0000,100.00,383,22
243,2,255,363.7180,0.3396,725.8626,725.4214,725.4214,0.0000,5.47,298,0
244,3,620,413.5258,0.1016,1238.3092,1237.5556,1237.5556,0.0488,100.00,1046,239
244,3,181,437.2218,0.0985,1309.4395,1308.6437,1308.6437,0.0488,100.00,940,128
244,3,97,387.8658,0.1259,1161.2860,1160.5756,1160.5756,0.0488,20.29,681,109
244,1,99,414.8754,0.0567,414.1178,413.8682,413.8682,0.0488,100.00,414,0
244,2,19,363.7180,0.3396,725.8626,725.4214,725.4214,0.0488,5.47,298,0
245,2,239,305.1955,0.0831,608.7462,608.3764,608.3764,0.0394,100.00,1407,86
245,3,224,413.5298,0.1106,1238.3213,1237.5677,1237.5677,0.0394,100.00,1395,310
245,3,482,437.2230,0.1191,1309.4429,1308.6471,1308.6471,0.0394,13.46,882,146
245,3,92,408.9430,0.1518,1224.5493,1223.8071,1223.8071,0.0394,15.78,441,52
245,3,4,388.1926,0.1524,1162.2667,1161.5561,1161.5561,0.0394,5.30,414,0
245,1,132,372.7354,0.1120,371.9601,371.7282,371.7282,0.0394,3.52,368,88
245,6,12,387.7036,0.3577,2321.6791,2320.1779,2321.1808,0.0394,4.50,309,0
245,1,132,371.7072,0.0918,368.9172,368.6947,368.6947,0.0394,16.92,81,287
246,2,910,305.1959,0.0938,608.7470,608.3772,608.3772,0.0423,100.00,2513,145
246,3,112,408.9446,0.1357,1224.5541,1223.8120,1223.8120,0.0423,100.00,1722,256
246,3,590,413.5309,0.1599,1238.3246,1237.5710,1237.5710,0.0629,100.00,1502,306
246,3,506,437.2242,0.1447,1309.4465,1308.6507,1308.6507,0.0620,26.38,608,146
246,3,64,395.9076,0.1093,1185.4266,1184.7011,1184.7011,0.0620,100.00,625,231
246,3,298,387.8685,0.1689,1161.2942,1160.5838,1160.5838,0.0446,6.77,465,157
246,2,179,387.7036,0.1806,773.8595,773.3926,773.3926,0.0446,4.50,309,47
247,3,771,408.9445,0.1099,1224.5538,1223.8117,1223.8117,0.0585,100.00,3952,589
247,2,984,305.1984,0.0991,608.7521,608.3822,608.3822,0.0442,100.00,3520,145
247,3,202,395.8965,0.1265,1185.3931,1184.6677,1184.6677,0.0442,100.00,1395,811
247,3,687,413.5257,0.1196,1238.3087,1237.5552,1237.5552,0.0560,100.00,1032,71
247,3,289,437.2214,0.1385,1309.4382,1308.6424,1308.6424,0.0421,11.98,785,46
247,3,255,387.8694,0.2104,1161.2969,1160.5864,1160.5864,0.0418,8.86,428,156
248,3,1688,408.9427,0.0900,1224.5484,1223.8063,1223.8063,0.0577,100.00,5708,1073
248,2,1671,305.1979,0.0952,608.7511,608.3812,608.3812,0.0374,100.00,3815,145
248,3,620,395.8961,0.0814,1185.3918,1184.6664,1184.6664,0.0894,100.00,2321,852
248,2,198,372.1931,0.2174,742.8244,742.3716,742.3716,0.0894,3.39,574,113
249,3,3386,408.9435,0.0885,1224.5507,1223.8086,1223.8086,0.0552,100.00,6227,1575
249,2,1694,305.1974,0.0489,608.7501,608.3803,608.3803,0.0435,100.00,3282,145
249,3,1130,395.8944,0.0975,1185.3869,1184.6615,1184.6615,0.3401,100.00,2979,1103
249,2,15,372.1931,0.1301,742.8246,742.3717,742.3717,0.3401,3.17,511,113
250,3,2304,408.9431,0.0834,1224.5495,1223.8073,1223.8073,0.0575,100.00,5933,1547
250,3,1333,395.8937,0.0971,1185.3848,1184.6593,1184.6593,0.0593,100.00,3113,1019
250,2,705,305.1987,0.0469,608.7526,608.3828,608.3828,0.0311,7.90,2587,87
250,3,202,535.6319,0.1899,1604.9370,1603.8740,1603.8740,0.0311,100.00,923,500
250,3,169,433.6154,0.1643,1298.6184,1297.8243,1297.8243,0.0311,5.34,541,78
250,3,6,491.9200,0.3314,1473.7206,1472.7383,1472.7383,0.0311,3.09,302,34
250,3,184,491.2252,0.1681,1471.6357,1470.6537,1470.6537,0.0311,10.00,382,302
250,3,466,437.1863,0.0856,1309.3329,1308.5372,1308.5372,0.0609,100.00,368,0
250,3,181,534.2541,0.1780,1600.8028,1599.7405,1599.7405,0.0609,4.37,367,68
251,3,1000,408.9417,0.0796,1224.5456,1223.8034,1223.8034,0.0503,100.00,4920,1318
251,3,894,395.8928,0.1019,1185.3819,1184.6565,1184.6565,0.0484,100.00,2665,877
251,2,41,305.2013,0.0537,608.7579,608.3880,608.3880,0.0484,9.35,1481,0
251,3,280,535.9553,0.0631,1604.9043,1603.8412,1603.8412,0.0499,100.00,1270,831
251,3,261,433.6155,0.1381,1298.6188,1297.8247,1297.8247,0.0451,5.69,1033,209
251,3,91,413.8670,0.0732,1239.3330,1238.5793,1238.5793,0.0451,100.00,760,124
251,3,421,491.5717,0.1407,1472.6753,1471.6932,1471.6932,0.0426,100.00,627,115
251,3,197,534.5747,0.2289,1600.7620,1599.6995,1599.6995,0.0426,5.52,376,68
251,3,111,437.1869,0.0860,1309.3346,1308.5388,1308.5388,0.0426,100.00,374,0
252,3,415,408.9403,0.0687,1224.5414,1223.7992,1223.7992,0.0000,100.00,2723,985
252,3,358,395.8931,0.1191,1185.3831,1184.6576,1184.6576,0.0943,119.07,1826,297
252,3,276,433.6158,0.0729,1298.6196,1297.8255,1297.8255,0.0797,100.00,1618,334
252,3,264,413.5234,0.0812,1238.3019,1237.5483,1237.5483,0.0392,100.00,1510,779
252,3,469,535.9567,0.0636,1604.9086,1603.8455,1603.8455,0.1027,100.00,1402,904
252,3,138,491.5676,0.1409,1472.6631,1471.6809,1471.6809,0.1027,100.00,1057,114
252,4,10,421.9987,0.0566,1685.0817,1683.9659,1683.9659,0.1027,15.22,1009,444
252,3,298,534.5747,0.2308,1600.7620,1599.6995,1599.6995,0.0589,5.52,376,34
252,2,21,305.1975,0.2811,608.7503,608.3804,608.3804,0.0589,3.46,437,0
252,6,255,434.4449,0.3379,2601.3013,2599.6227,2600.6255,0.5196,5.00,278,306
252,3,148,437.1821,0.1726,1309.3202,1308.5244,1308.5244,0.5196,100.00,377,0
252,1,239,414.8726,0.1905,414.1149,413.8653,413.8653,0.5196,100.00,296,0
253,4,383,422.0080,0.0821,1685.1187,1684.0029,1684.0029,0.0280,36.54,2425,761
253,3,469,413.5266,0.0735,1238.3116,1237.5581,1237.5581,0.0806,100.00,2239,694
253,3,836,433.6156,0.1009,1298.6192,1297.8251,1297.8251,0.0483,20998.69,1799,1057
253,3,1105,535.9564,0.0720,1604.9076,1603.8445,1603.8445,0.0609,100.00,1345,769
253,3,255,408.9430,0.0871,1224.5495,1223.8073,1223.8073,0.1317,100.00,1233,498
253,3,281,491.2197,0.0542,1471.6192,1470.6372,1470.6372,0.0554,100.00,1171,642
253,2,255,434.4380,0.1998,867.3962,866.8615,866.8615,0.0793,7.94,841,0
253,1,410,414.8684,0.1048,414.1108,413.8612,413.8612,0.0993,5.07,320,0
254,4,1096,422.0112,0.1087,1685.1315,1684.0157,1684.0157,0.0473,176.93,3669,1387
254,3,1519,413.5285,0.0565,1238.3174,1237.5638,1237.5638,0.0517,100.00,2743,669
254,3,776,433.6143,0.2836,1298.6152,1297.8211,1297.8211,0.0647,100.00,1672,1630
254,3,328,535.9569,0.1405,1604.9090,1603.8459,1603.8459,0.0371,100.00,1009,684
254,3,343,491.2186,0.0827,1471.6159,1470.6340,1470.6340,0.0528,100.00,1015,612
254,3,130,476.2709,0.1419,1426.7438,1425.7907,1425.7907,0.0528,100.00,687,0
254,3,83,408.9363,0.1094,1224.5294,1223.7872,1223.7872,0.0528,100.00,650,19
254,3,288,419.6055,0.1406,1256.5623,1255.7947,1255.7947,0.1382,5.13,427,211
254,1,14,534.5750,0.1117,533.8964,533.5678,533.5678,0.1382,5.01,393,245
255,4,2276,422.0099,0.0928,1685.1262,1684.0104,1684.0104,0.0596,188.06,3900,1349
255,3,981,413.5286,0.0820,1238.3176,1237.5641,1237.5641,0.0587,66.20,2712,1306
255,5,743,434.2454,0.0688,2166.5934,2165.1877,2166.1906,0.1007,36.13,1535,1458
255,1,385,433.6157,0.1039,432.8702,432.6085,432.6085,0.0549,100.00,1673,71
255,3,191,535.9599,0.2234,1605.9211,1604.8580,1604.8580,0.0549,100.00,1125,205
255,3,159,491.5686,0.0879,1471.6632,1470.6811,1470.6811,0.0549,100.00,898,261
255,3,111,476.2715,0.1339,1426.7458,1425.7928,1425.7928,0.0549,100.00,792,0
255,3,85,569.3019,0.1640,1706.0142,1704.8839,1704.8839,0.0549,3.07,744,359
255,3,378,419.6027,0.1800,1256.5538,1255.7862,1255.7862,0.0437,3.90,466,211
256,4,1831,422.0090,0.0959,1685.1227,1684.0069,1684.0069,0.0538,184.17,3820,1330
256,3,610,413.5303,0.0880,1238.3228,1237.5692,1237.5692,0.0562,52.43,2570,1277
256,5,695,434.2456,0.0496,2166.5942,2165.1885,2166.1914,0.0752,22.36,1826,1393
256,3,83,569.3010,0.1744,1706.0113,1704.8811,1704.8811,0.0752,100.00,1760,905
256,3,94,497.2536,0.0719,1489.7331,1488.7391,1488.7391,0.0752,100.00,1148,555
256,3,768,476.2715,0.1919,1426.7458,1425.7928,1425.7928,0.0540,100.00,792,0
256,3,20,491.2194,0.0698,1471.6183,1470.6364,1470.6364,0.0540,100.00,714,152
256,3,5,487.3009,0.1631,1459.8591,1458.8810,1458.8810,0.0540,100.00,663,543
256,3,193,524.2629,0.1258,1570.8137,1569.7668,1569.7668,0.0540,100.00,634,197
256,1,22,435.2944,0.0307,434.5492,434.2871,434.2871,0.0540,3.86,449,155
256,3,34,535.9560,0.0591,1604.9065,1603.8434,1603.8434,0.0540,4.80,430,149
256,3,91,576.3277,0.0791,1726.1011,1724.9584,1724.9584,0.0540,100.00,398,195
257,3,183,497.2645,0.0649,1489.7656,1488.7716,1488.7716,0.0000,100.00,5412,2075
257,4,372,422.0124,0.1229,1685.1364,1684.0206,1684.0206,0.0989,100.00,3303,1064
257,3,806,569.2990,0.1531,1706.0054,1704.8751,1704.8751,0.0594,100.00,2992,1998
257,5,1166,434.2459,0.0657,2166.5961,2165.1904,2166.1933,0.0626,20.07,1769,1170
257,3,367,413.5337,0.1071,1238.3330,1237.5794,1237.5794,0.0343,26.80,1697,869
257,3,319,487.2940,0.0986,1459.8384,1458.8603,1458.8603,1.9809,100.00,1532,955
257,3,307,563.3045,0.2610,1688.0078,1686.8916,1686.8916,0.0585,100.00,1083,191
257,3,220,476.2730,0.1383,1426.7503,1425.7973,1425.7973,0.0585,100.00,874,22
257,4,350,463.5062,0.1982,1851.2108,1849.9957,1850.9986,0.0484,100.00,583,147
257,2,257,435.2957,0.1466,869.1118,868.5768,868.5768,0.0484,3.32,466,287
257,3,125,419.5963,0.1740,1256.5347,1255.7670,1255.7670,0.0484,100.00,411,0
258,3,1519,497.2662,0.0844,1489.7706,1488.7766,1488.7766,0.0610,100.00,15424,4787
258,3,1437,569.6256,0.1458,1705.9826,1704.8521,1704.8521,0.0709,100.00,3144,2329
258,3,601,487.2981,0.0736,1459.8505,1458.8724,1458.8724,0.0611,100.00,3185,1664
258,4,296,422.0113,0.1841,1685.1319,1684.0161,1684.0161,0.0564,264.56,1768,844
258,5,266,434.2537,0.1109,2166.6349,2165.2291,2166.2321,0.0564,19.30,1100,755
258,4,31,463.5086,0.2794,1851.2203,1850.0052,1851.0081,0.0564,100.00,1200,170
258,3,475,413.8796,0.1990,1239.3708,1238.6171,1238.6171,0.0352,10.97,665,581
258,3,431,563.3067,0.2256,1688.0146,1686.8983,1686.8983,0.1480,100.00,1084,202
258,4,216,413.5359,0.3939,1651.2051,1650.1146,1650.1146,0.1480,12.32,932,0
258,3,1,476.2753,0.1375,1426.7570,1425.8039,1425.8039,0.1480,100.00,830,40
258,5,236,545.5028,0.2112,2723.2217,2721.4748,2722.4776,0.1480,9.67,500,288
258,3,138,524.5874,0.0971,1570.7845,1569.7373,1569.7373,0.1480,100.00,542,197
258,2,383,435.2948,0.2577,869.1101,868.5751,868.5751,0.0698,3.47,491,545
259,3,5757,497.2657,0.0614,1489.7692,1488.7752,1488.7752,0.0664,100.00,25902,8570
259,3,1486,569.6256,0.1136,1705.9827,1704.8522,1704.8522,0.0925,100.00,3727,2319
259,3,1230,487.2972,0.0612,1459.8478,1458.8697,1458.8697,0.1365,100.00,4358,1906
259,4,396,463.7336,0.1624,1851.1178,1849.9025,1850.9054,0.1437,100.00,1238,209
259,4,51,422.2560,0.3610,1686.1111,1684.9951,1684.9951,0.1437,108.97,1354,792
259,3,837,563.3060,0.2810,1687.0096,1685.8933,1685.8933,0.0598,100.00,743,385
259,6,278,434.2580,0.2423,2600.1801,2598.5016,2599.5043,0.3731,12.57,662,488
259,5,334,545.4972,0.1031,2723.1938,2721.4469,2722.4497,0.0914,33.88,500,557
259,2,232,422.7325,0.0814,839.9580,839.4398,839.4398,0.0914,100.00,392,0
259,3,253,413.8690,0.1284,1239.3390,1238.5853,1238.5853,0.0914,27.69,487,204
259,2,195,435.7737,0.2045,870.0681,869.5329,869.5329,0.0914,15.17,527,56
259,3,19,524.2583,0.0949,1570.8000,1569.7530,1569.7530,0.0914,3.87,512,186
259,2,102,435.2948,0.2208,869.1101,868.5751,868.5751,0.0914,3.56,491,0
260,3,13171,497.2657,0.0560,1489.7693,1488.7753,1488.7753,0.0691,2012.51,35362,12217
260,3,2544,487.2975,0.0625,1459.8489,1458.8708,1458.8708,0.0644,100.00,5205,2086
260,3,2117,569.6268,0.1227,1705.9862,1704.8558,1704.8558,0.0650,100.00,3478,2352
260,4,893,463.7363,0.0912,1851.1283,1849.9130,1850.9159,0.0795,100.00,1392,575
260,3,196,563.3045,0.1005,1687.0049,1685.8887,1685.8887,0.0795,100.00,801,333
260,5,705,545.4898,0.0979,2723.1567,2721.4098,2722.4125,0.0640,33.96,502,516
260,2,511,436.2549,0.2368,871.0304,870.4953,870.4953,0.0505,39.16,701,99
260,2,203,422.2526,0.1963,842.9994,842.4907,842.4907,0.0505,52.42,651,329
260,1,47,502.6067,0.1997,495.8879,495.5843,495.5843,0.0505,9.56,25,0
260,2,340,435.7667,0.2275,870.0539,869.5188,869.5188,0.0751,16.33,568,56
260,1,255,503.5744,0.0682,502.8710,502.5672,502.5672,0.0751,100.00,438,172
261,3,13343,497.2665,0.0607,1489.7716,1488.7776,1488.7776,0.0685,2356.47,41406,13768
261,3,1578,487.2961,0.0583,1459.8446,1458.8665,1458.8665,0.0694,100.00,5016,1915
261,3,773,569.6263,0.1380,1705.9846,1704.8542,1704.8542,0.0786,100.00,2808,1798
261,4,624,463.7313,0.0739,1851.1084,1849.8932,1850.8961,0.0642,100.00,1522,669
261,3,41,575.6561,0.1844,1725.0889,1723.9465,1723.9465,0.0642,100.00,1005,256
261,3,136,562.9661,0.0790,1686.9926,1685.8766,1685.8766,0.0642,100.00,903,340
261,2,468,435.7659,0.2075,870.0524,869.5172,869.5172,0.2368,25.88,874,238
261,5,353,545.4898,0.0882,2723.1567,2721.4098,2722.4125,0.0870,33.96,559,514
261,5,37,545.0970,0.3741,2721.1927,2719.4460,2720.4489,0.0870,25.16,29,559
261,3,29,416.2535,0.2946,1246.4956,1245.7387,1245.7387,0.0870,100.00,709,17
261,1,108,451.7574,0.0385,443.0053,442.7300,442.7300,0.0870,100.00,384,257
261,1,472,502.6078,0.3429,501.9041,501.6005,501.6005,0.0540,5.04,441,36
262,3,12484,497.2663,0.0566,1489.7712,1488.7772,1488.7772,0.0725,4875.02,39278,13967
262,3,1668,487.2985,0.0754,1459.8517,1458.8736,1458.8736,0.0583,3576.19,4291,1476
262,3,459,569.6277,0.2361,1705.9890,1704.8585,1704.8585,0.0538,100.00,1673,904
262,2,1522,452.7489,0.1403,904.0327,903.4833,903.4833,0.0508,71.53,2550,155
262,4,390,463.7297,0.0915,1851.1021,1849.8869,1850.8898,0.1427,100.00,1211,622
262,2,121,435.7690,0.1002,870.0587,869.5235,869.5235,0.1427,92.87,1408,310
262,1,149,461.7582,0.0728,461.0278,460.7509,460.7509,0.1427,100.00,1233,0
262,3,483,416.2553,0.2619,1246.5010,1245.7441,1245.7441,0.0475,100.00,1189,17
262,3,158,575.9802,0.1297,1725.0584,1723.9158,1723.9158,0.0475,100.00,1046,201
262,2,297,447.2207,0.0223,892.9746,892.4269,892.4269,0.1975,100.00,655,119
262,5,179,545.4955,0.1612,2723.1851,2721.4382,2722.4409,0.1975,101.42,254,415
262,1,236,451.7558,0.1143,451.0238,450.7485,450.7485,0.1975,4.05,456,155
263,3,9578,497.2660,0.0490,1489.7703,1488.7763,1488.7763,0.0670,3750.91,30221,11454
263,3,889,487.6266,0.0712,1459.8335,1458.8552,1458.8552,0.0614,100.00,2645,1141
263,2,1204,452.7467,0.1211,904.0282,903.4788,903.4788,0.0555,50.02,2628,157
263,2,585,435.7672,0.0913,870.0551,869.5199,869.5199,0.0484,100.00,2065,478
263,2,487,461.7558,0.0740,922.0585,921.4971,921.4971,0.0527,127.37,1997,643
263,3,454,575.6630,0.1670,1725.1096,1723.9671,1723.9671,0.0830,100.00,1631,496
263,3,525,569.2952,0.1651,1705.9942,1704.8639,1704.8639,0.0516,100.00,1604,384
263,3,438,416.2509,0.2045,1246.4878,1245.7309,1245.7309,0.0454,100.00,1345,17
263,3,166,515.9761,0.2828,1545.9404,1544.9065,1544.9065,0.0454,9.53,870,256
263,4,269,463.7365,0.0731,1851.1294,1849.9141,1850.9170,0.0929,100.00,779,615
263,3,160,563.2902,0.1813,1686.9622,1685.8460,1685.8460,0.0929,3.06,627,344
263,2,255,470.7258,0.2067,940.0105,939.4371,939.4371,0.0929,151.10,608,223
263,3,406,608.3030,0.0844,1823.0851,1821.8871,1822.8900,0.0681,100.00,530,402
264,3,3073,497.2665,0.0580,1489.7716,1488.7776,1488.7776,0.0782,2463.04,19845,7641
264,2,967,461.7571,0.0691,922.0610,921.4996,921.4996,0.0508,218.89,3433,1207
264,2,840,435.7617,0.0736,870.0440,869.5089,869.5089,0.0519,100.00,2951,675
264,4,247,542.5715,0.3935,2166.6597,2165.2540,2166.2569,0.0519,6618.95,416,471
264,3,708,575.9869,0.0418,1725.0785,1723.9359,1723.9359,0.0988,100.00,1811,830
264,3,332,487.6251,0.0898,1459.8287,1458.8505,1458.8505,0.0473,69.78,1472,893
264,3,810,416.2508,0.2040,1246.4873,1245.7305,1245.7305,0.0426,100.00,1352,17
264,3,865,515.9723,0.2820,1545.9289,1544.8949,1544.8949,0.0683,100.00,1179,271
264,3,107,569.2961,0.1455,1705.9968,1704.8665,1704.8665,0.0683,473.56,974,270
264,2,71,483.8167,0.2299,966.2091,965.6189,965.6189,0.0683,86.85,457,22
264,2,264,470.7256,0.1358,940.0100,939.4366,939.4366,0.0509,179.08,630,262
264,2,132,483.3085,0.3008,965.1925,964.6024,964.6024,0.0509,100.00,720,177
264,2,123,447.2127,0.0496,892.9586,892.4109,892.4109,0.0509,100.00,718,116
264,3,478,562.9970,0.3221,1687.0853,1685.9693,1685.9693,0.0410,8.65,716,401
264,2,492,463.4848,0.1387,925.5171,924.9551,924.9551,0.0410,6.81,604,1
264,3,223,608.6089,0.1872,1823.0002,1821.8021,1822.8050,0.0410,11.38,938,659
265,3,1298,497.2674,0.0985,1489.7745,1488.7805,1488.7805,0.0670,100.00,10589,3859
265,2,1194,435.7603,0.0637,870.0413,869.5061,869.5061,0.0551,100.00,5250,699
265,2,1311,461.7597,0.0676,922.0663,921.5049,921.5049,0.0494,100.00,4850,1483
265,4,452,542.5641,0.1632,2166.6301,2165.2244,2166.2273,0.0944,100.00,1764,1406
265,3,1067,575.6597,0.0897,1725.0998,1723.9574,1723.9574,0.0813,124.72,2138,984
265,3,261,515.9690,0.2772,1545.9190,1544.8851,1544.8851,0.0813,100.00,1518,271
265,2,361,452.7540,0.1090,904.0428,903.4934,903.4934,0.0493,63.99,1431,56
265,3,253,608.3111,0.1878,1823.1094,1821.9114,1822.9143,0.0493,100.00,1218,879
265,2,352,483.3021,0.0599,965.1798,964.5897,964.5897,0.0520,100.00,1202,199
265,3,414,416.2479,0.1709,1246.4787,1245.7219,1245.7219,0.0691,100.00,1045,17
265,3,227,487.6222,0.1568,1460.8230,1459.8447,1459.8447,0.0691,23.84,912,343
265,2,294,502.7704,0.0960,1004.1409,1003.5263,1003.5263,0.0832,6.09,692,183
265,3,46,562.9896,0.2688,1687.0630,1685.9469,1685.9469,0.0832,45.12,688,387
265,2,106,447.2038,0.0812,892.9408,892.3930,892.3930,0.0832,100.00,681,116
265,3,215,569.2998,0.1362,1706.0078,1704.8775,1704.8775,0.0832,5.60,581,212
265,1,384,515.2393,0.0880,506.5267,506.2118,506.2118,0.0461,4.10,69,52
266,2,1780,435.7595,0.0650,870.0396,869.5045,869.5045,0.0586,100.00,6581,623
266,4,2148,542.5553,0.0732,2166.5950,2165.1893,2166.1922,0.0753,48.39,4541,2513
266,2,2093,461.7590,0.0604,922.0648,921.5034,921.5034,0.0587,100.00,5279,1770
266,3,228,497.2652,0.1003,1489.7678,1488.7738,1488.7738,0.0587,100.00,3736,2009
266,3,320,575.6584,0.0864,1725.0958,1723.9534,1723.9534,0.0807,145.60,2495,1140
266,3,556,515.9685,0.2572,1545.9175,1544.8836,1544.8836,0.0494,3.89,1481,318
266,3,391,608.6156,0.0488,1823.0203,1821.8221,1822.8251,0.0782,100.00,1284,966
266,2,350,483.3082,0.1042,965.1920,964.6020,964.6020,0.0596,100.00,1140,128
266,2,68,471.2924,0.0973,941.1459,940.5703,940.5703,0.0596,100.00,758,283
266,3,20,416.2491,0.1717,1246.4823,1245.7255,1245.7255,0.0596,100.00,755,0
266,3,245,562.9941,0.2976,1687.0767,1685.9606,1685.9606,0.2838,7.80,744,406
266,2,335,502.7728,0.1498,1004.1456,1003.5310,1003.5310,0.0536,100.00,695,368
266,2,558,447.2004,0.0739,892.9339,892.3862,892.3862,0.2881,4.89,676,116
266,3,48,487.2496,0.2449,1459.7052,1458.7271,1458.7271,0.2881,412.93,495,390
266,2,450,446.7099,0.2349,891.9529,891.4053,891.4053,0.0567,16.55,478,227
266,6,145,454.5749,0.1729,2722.1497,2720.4029,2721.4057,0.0567,6.48,173,497
266,1,21,515.2419,0.1515,514.5495,514.2346,514.2346,0.0567,3.26,377,53
266,1,18,564.3348,0.1096,563.6699,563.3275,563.3275,0.0567,100.00,377,0
267,4,1893,542.5493,0.0631,2166.5707,2165.1650,2166.1679,0.0609,59.07,6311,3991
267,2,3681,435.7593,0.0542,870.0392,869.5041,869.5041,0.0533,100.00,6642,581
267,2,2523,461.7588,0.0718,922.0644,921.5030,921.5030,0.0521,100.00,4776,1724
267,3,937,575.6618,0.1121,1725.1061,1723.9637,1723.9637,0.0586,151.71,2600,1807
267,3,565,608.3079,0.1070,1823.1000,1821.9020,1822.9049,0.0660,100.00,1770,1179
267,3,356,497.2668,0.2162,1489.7727,1488.7787,1488.7787,0.2100,100.00,1500,312
267,2,561,483.3123,0.1132,965.2001,964.6101,964.6101,0.0892,100.00,1140,246
267,2,71,473.2466,0.0297,945.0564,944.4786,944.4786,0.0892,100.00,902,192
267,2,35,502.7764,0.1429,1004.1527,1003.5382,1003.5382,0.0892,8.85,882,490
267,3,664,515.9644,0.1951,1545.9054,1544.8715,1544.8715,0.0405,11.60,864,224
267,2,211,470.7918,0.2031,940.1425,939.5691,939.5691,0.0405,8.65,701,429
267,3,145,563.2847,0.1173,1686.9456,1685.8294,1685.8294,0.0405,100.00,724,378
267,2,139,447.2017,0.1189,892.9366,892.3889,892.3889,0.0405,5.27,630,33
267,3,94,558.0028,0.0537,1672.0895,1670.9865,1670.9865,0.0405,3.90,623,333
267,2,149,446.7101,0.2181,891.9532,891.4056,891.4056,0.0405,16.49,476,168
267,6,255,454.5749,0.1626,2722.1497,2720.4029,2721.4057,0.0405,6.48,173,497
267,1,255,498.2886,0.1002,497.5843,497.2813,497.2813,0.0511,100.00,412,329
268,4,3482,542.5510,0.0502,2166.5779,2165.1722,2166.1751,0.0915,46.03,8405,5506
268,2,2328,435.7589,0.0523,870.0384,869.5033,869.5033,0.0662,100.00,6089,475
268,2,999,461.7612,0.0769,922.0693,921.5079,921.5079,0.0774,100.00,4330,1480
268,3,936,575.6597,0.0738,1725.0997,1723.9573,1723.9573,0.0594,100.00,2269,1398
268,3,418,608.3099,0.1377,1823.1060,1821.9080,1822.9109,0.0689,100.00,1897,1122
268,2,357,483.3149,0.0791,965.2053,964.6152,964.6152,0.0564,100.00,1229,246
268,3,309,562.9879,0.2883,1687.0580,1685.9419,1685.9419,0.0564,100.00,1195,410
268,2,207,473.2474,0.0498,945.0581,944.4803,944.4803,0.0564,100.00,1143,195
268,3,32,558.0065,0.0572,1672.1006,1670.9976,1670.9976,0.0564,100.00,1021,490
268,1,372,562.3344,0.1465,558.6612,558.3191,558.3191,0.2172,182.79,277,310
268,2,251,470.7951,0.1580,940.1490,939.5756,939.5756,0.2172,14.75,735,349
268,2,281,502.7824,0.2957,1004.1649,1003.5503,1003.5503,0.2172,8.35,648,490
268,3,272,497.2681,0.1523,1489.7764,1488.7824,1488.7824,0.2172,100.00,647,175
268,2,125,447.2016,0.1270,892.9365,892.3887,892.3887,0.2172,12.03,598,34
268,2,338,554.2185,0.2475,1107.0969,1106.4225,1106.4225,0.2172,15.79,671,241
268,2,22,446.7085,0.2107,891.9501,891.4025,891.4025,0.2172,100.00,462,193
268,6,560,454.5749,0.1944,2722.1497,2720.4029,2721.4057,0.0578,4.59,232,497
268,2,92,502.2568,0.3210,1003.1134,1002.4990,1002.4990,0.0578,4.08,443,310
269,4,3935,542.5488,0.0253,2166.5688,2165.1630,2166.1660,0.0867,316.12,8586,6128
269,2,1137,435.7609,0.0764,870.0424,869.5073,869.5073,0.0539,100.00,4776,321
269,2,288,461.7613,0.0764,922.0694,921.5080,921.5080,0.0539,100.00,2897,927
269,3,594,575.6607,0.0968,1725.1026,1723.9602,1723.9602,0.0608,100.00,2170,1262
269,3,591,558.0042,0.0601,1672.0937,1670.9908,1670.9908,0.0608,33.75,1719,701
269,3,839,608.3139,0.1181,1823.1179,1821.9199,1822.9228,0.1083,100.00,1687,849
269,2,823,473.2505,0.0547,945.0642,944.4864,944.4864,0.0627,100.00,1520,460
269,3,337,562.9848,0.1996,1687.0488,1685.9327,1685.9327,0.1277,100.00,1397,583
269,3,179,562.3346,0.3850,1685.0979,1683.9821,1683.9821,0.1277,269.16,1245,0
269,2,62,483.3102,0.0460,965.1958,964.6058,964.6058,0.1277,100.00,1049,224
269,2,240,554.2200,0.0914,1107.0998,1106.4254,1106.4254,0.1277,100.00,840,241
269,3,72,573.2958,0.1910,1716.9948,1715.8627,1715.8627,0.1277,100.00,499,347
269,3,164,553.9463,0.3988,1666.9497,1665.8485,1665.8485,0.1277,57.03,116,36
269,2,400,470.7970,0.2144,940.1529,939.5795,939.5795,0.0744,13.10,657,327
269,2,223,502.2674,0.1665,1003.1347,1002.5203,1002.5203,0.0744,184.65,633,366
269,1,255,503.8087,0.1199,503.1053,502.8015,502.8015,0.0744,100.00,573,269
269,3,178,487.9156,0.2378,1461.7033,1460.7249,1460.7249,0.0744,3.49,564,320
269,3,93,497.2742,0.1655,1489.7946,1488.8007,1488.8007,0.0744,100.00,546,214
269,6,11,454.5749,0.3004,2722.1497,2720.4029,2721.4057,0.0744,5.98,238,628
269,1,76,561.2715,0.2004,560.6062,560.2642,560.2642,0.0744,4.23,411,0
270,4,2451,542.5459,0.0189,2166.5575,2165.1517,2166.1547,0.0775,743.22,7200,5207
270,2,354,435.7655,0.0626,870.0515,869.5164,869.5164,0.0519,100.00,2441,278
270,3,602,558.0024,0.0777,1672.0883,1670.9853,1670.9853,0.0575,72.05,2151,819
270,2,496,473.2526,0.0979,945.0684,944.4907,944.4907,0.2425,100.00,1845,261
270,3,590,575.6606,0.0929,1725.1023,1723.9599,1723.9599,0.4102,100.00,1772,1147
270,2,255,502.2830,0.0661,1003.1658,1002.5514,1002.5514,0.4102,511.78,1754,189
270,1,582,562.3411,0.1450,561.6760,561.3338,561.3338,0.0711,342.29,1584,234
270,2,381,462.2625,0.0851,923.0720,922.5105,922.5105,0.0520,100.00,1518,119
270,1,577,461.7534,0.1053,461.0230,460.7462,460.7462,0.0486,100.00,1433,46
270,2,476,554.2184,0.0382,1107.0967,1106.4223,1106.4223,0.1107,100.00,1289,281
270,3,338,608.3090,0.3229,1823.1033,1821.9053,1822.9082,0.1418,100.00,1259,765
270,3,255,488.2786,0.2690,1461.7897,1460.8111,1460.8111,0.1418,100.00,812,416
270,2,419,483.3127,0.0442,965.2009,964.6108,964.6108,0.2602,62.49,808,201
270,3,205,573.2966,0.1421,1718.0000,1716.8679,1716.8679,0.2602,100.00,665,199
270,2,69,471.3008,0.1397,941.1627,940.5870,940.5870,0.2602,9.71,645,282
270,2,103,470.7955,0.3235,940.1500,939.5766,939.5766,0.2602,16.42,488,240
270,3,301,563.6390,0.2831,1689.0117,1687.8953,1687.8953,0.1511,100.00,624,234
270,3,756,554.9225,0.1666,1661.8445,1660.7429,1660.7429,0.0712,100.00,533,281
271,4,1153,542.5479,0.0236,2166.5655,2165.1598,2166.1627,0.1016,165.87,4478,4246
271,2,554,502.2823,0.0723,1003.1645,1002.5501,1002.5501,0.0550,821.13,2815,138
271,3,1142,558.0024,0.0859,1672.0885,1670.9855,1670.9855,0.0634,71.83,2144,856
271,3,600,562.3387,0.2267,1685.1102,1683.9944,1683.9944,0.0637,406.75,1882,1567
271,2,641,473.2547,0.1560,945.0726,944.4949,944.4949,0.0562,9.13,1717,258
271,2,493,554.2238,0.0639,1107.1075,1106.4331,1106.4331,0.0537,261.03,1387,223
271,3,363,575.6723,0.2013,1725.1374,1723.9950,1723.9950,0.0415,100.00,1242,1010
271,3,565,573.2934,0.2040,1716.9877,1715.8556,1715.8556,0.0562,100.00,743,611
271,3,66,516.2944,0.2894,1546.8954,1545.8613,1545.8613,0.0562,17.93,1172,267
271,2,51,435.7757,0.1212,870.0720,869.5368,869.5368,0.0562,100.00,1017,95
271,3,465,488.2663,0.1697,1461.7528,1460.7742,1460.7742,0.0445,100.00,832,440
271,2,112,462.2572,0.1146,923.0612,922.4998,922.4998,0.0445,100.00,948,17
271,2,363,514.2481,0.0874,1027.1125,1026.4816,1026.4816,0.1799,100.00,716,126
271,2,221,505.3233,0.1462,1009.2473,1008.6320,1008.6320,0.1799,100.00,709,312
271,4,255,515.9790,0.3230,2060.2311,2058.8842,2059.8871,0.0497,86.39,95,773
271,3,73,608.9983,0.1525,1824.1684,1822.9701,1823.9730,0.0497,100.00,481,262
272,2,1699,502.2832,0.0682,1003.1662,1002.5518,1002.5518,0.0597,100.00,3600,187
272,4,139,542.5571,0.0395,2166.6022,2165.1965,2166.1994,0.0597,44.43,2886,2768
272,3,726,562.3382,0.1056,1685.1087,1683.9929,1683.9929,0.0541,653.57,3025,1619
272,3,656,558.0035,0.1290,1672.0917,1670.9887,1670.9887,0.0911,69.67,1895,806
272,3,425,516.2961,0.1428,1545.8975,1544.8635,1544.8635,0.0630,100.00,1233,831
272,2,828,554.2239,0.0688,1107.1076,1106.4332,1106.4332,0.0632,100.00,1348,192
272,3,260,573.3032,0.1230,1717.0170,1715.8849,1715.8849,0.0632,100.00,965,688
272,2,719,473.7639,0.1425,946.0911,945.5132,945.5132,0.0575,100.00,1238,87
272,3,262,575.6577,0.1105,1725.0939,1723.9514,1723.9514,0.0877,100.00,1154,471
272,3,448,487.9167,0.1857,1461.7067,1460.7282,1460.7282,0.0726,6.94,844,513
272,2,231,505.3195,0.1480,1009.2398,1008.6245,1008.6245,0.0726,100.00,775,327
272,2,59,514.2370,0.0948,1027.0904,1026.4595,1026.4595,0.0726,100.00,665,133
272,3,99,504.2921,0.1465,1510.8612,1509.8547,1509.8547,0.0726,4.93,568,104
272,3,83,488.6135,0.2149,1463.7974,1462.8187,1462.8187,0.0726,4.78,513,165
272,2,129,513.2941,0.3798,1025.2042,1024.5736,1024.5736,0.0726,100.00,395,0
273,2,1472,502.2840,0.0563,1003.1679,1002.5535,1002.5535,0.0651,100.00,4286,703
273,3,730,562.3401,0.0852,1685.1144,1683.9986,1683.9986,0.0860,100.00,4114,2083
273,3,1446,516.2947,0.1113,1545.8935,1544.8594,1544.8594,0.0525,100.00,1816,919
273,3,42,558.0012,0.1277,1672.0848,1670.9818,1670.9818,0.0525,100.00,1528,717
273,4,255,542.5525,0.1124,2166.5836,2165.1778,2166.1808,0.3281,503.58,709,1340
273,3,832,573.3025,0.0783,1717.0149,1715.8828,1715.8828,0.0861,100.00,1132,759
273,2,326,473.7704,0.1622,946.1042,945.5263,945.5263,0.0511,100.00,1046,99
273,2,282,554.2254,0.1242,1107.1107,1106.4363,1106.4363,0.0531,100.00,1038,210
273,2,62,505.2810,0.2149,1009.1627,1008.5474,1008.5474,0.0531,36.80,720,232
273,3,269,480.5961,0.1315,1439.7324,1438.7666,1438.7666,0.0740,100.00,660,84
273,2,310,535.2965,0.1129,1069.2343,1068.5784,1068.5784,0.0344,100.00,636,224
273,3,255,504.2897,0.1406,1510.8537,1509.8472,1509.8472,0.1237,5.12,590,104
273,2,169,470.7986,0.1370,940.1561,939.5827,939.5827,0.1237,100.00,540,179
273,2,144,582.2951,0.1426,1162.2835,1161.5727,1161.5727,0.1237,100.00,446,157
273,5,502,488.5229,0.3713,2439.1486,2437.5782,2438.5811,0.0600,3.25,479,202
274,3,1510,562.6809,0.0969,1685.1339,1684.0180,1684.0180,0.0638,100.00,5314,2189
274,2,1004,502.2843,0.0595,1003.1684,1002.5540,1002.5540,0.1011,100.00,4416,903
274,3,777,516.2946,0.1025,1545.8930,1544.8590,1544.8590,0.0706,100.00,2112,1186
274,2,351,545.7776,0.0837,1090.1997,1089.5407,1089.5407,0.0944,12.63,875,482
274,3,59,480.5987,0.1541,1439.7401,1438.7743,1438.7743,0.0944,100.00,1311,386
274,6,401,488.7595,0.3868,2927.3829,2925.5108,2926.5133,0.0557,4.13,496,398
274,3,446,573.3136,0.1348,1717.0481,1715.9160,1715.9160,0.0374,17.22,980,762
274,2,221,582.2964,0.2433,1163.2890,1162.5782,1162.5782,0.0374,100.00,1070,163
274,2,223,470.7962,0.0446,940.1513,939.5778,939.5778,0.0374,100.00,1019,179
274,2,199,505.8288,0.2498,1010.2586,1009.6431,1009.6431,0.0374,19.03,791,17
274,4,312,488.2558,0.2822,1950.2743,1948.9942,1949.9971,0.1764,100.00,976,0
274,2,80,473.7668,0.2205,946.0969,945.5190,945.5190,0.1764,277.01,831,121
274,2,302,535.2971,0.1097,1069.2356,1068.5798,1068.5798,0.0398,100.00,788,133
274,2,311,505.2829,0.2255,1009.1665,1008.5512,1008.5512,0.0406,3.96,716,277
274,2,77,483.8298,0.2450,966.2352,965.6450,965.6450,0.0406,100.00,540,28
274,2,165,537.2698,0.1588,1073.1816,1072.5252,1072.5252,0.0406,3.30,502,166
274,1,71,536.8141,0.1148,536.1358,535.8069,535.8069,0.0406,5.77,426,69
275,3,1854,562.6803,0.0986,1685.1323,1684.0163,1684.0163,0.0603,100.00,6998,2872
275,2,1199,502.2842,0.0521,1003.1682,1002.5538,1002.5538,0.0848,100.00,3501,919
275,2,702,545.7756,0.0941,1090.1956,1089.5366,1089.5366,0.0518,29.27,3339,764
275,3,1069,516.2944,0.0810,1545.8927,1544.8586,1544.8586,0.0597,100.00,2123,1220
275,4,345,488.5101,0.0937,1951.2916,1950.0113,1951.0142,0.0509,7.19,1550,793
275,2,438,581.7900,0.1501,1162.2761,1161.5655,1161.5655,0.1001,18.98,1325,100
275,3,517,480.5982,0.0886,1439.7387,1438.7729,1438.7729,0.0595,100.00,1315,439
275,2,240,470.7983,0.0559,940.1555,939.5821,939.5821,0.0595,100.00,1260,179
275,2,443,505.8285,0.2546,1010.2580,1009.6425,1009.6425,0.0517,22.25,891,0
275,3,282,571.2999,0.2195,1705.9974,1704.8662,1704.8662,0.0517,100.00,186,161
275,3,248,573.3124,0.1629,1718.0476,1716.9155,1716.9155,0.0560,15.42,826,316
275,3,61,504.2394,0.3660,1510.7028,1509.6963,1509.6963,0.0560,52.21,489,89
275,2,390,536.8003,0.1457,1069.2342,1068.5779,1068.5779,0.1541,420.90,881,88
276,3,3016,562.6752,0.0848,1685.1170,1684.0010,1684.0010,0.0688,100.00,7490,3439
276,2,1180,545.7753,0.0990,1090.1952,1089.5362,1089.5362,0.0572,50.40,4963,1038
276,2,790,502.2863,0.0678,1003.1725,1002.5581,1002.5581,0.0406,100.00,2562,886
276,4,578,488.7510,0.0592,1951.2526,1949.9722,1950.9751,0.0863,74.08,1635,936
276,3,506,515.9745,0.1275,1545.9357,1544.9018,1544.9018,0.0582,8372.29,1913,1116
276,2,849,582.2858,0.1398,1162.2648,1161.5540,1161.5540,0.0779,100.00,1496,144
276,2,772,470.7968,0.0454,940.1524,939.5790,939.5790,0.0577,100.00,1271,175
276,3,1007,480.5975,0.0788,1439.7364,1438.7706,1438.7706,0.0530,100.00,1143,393
276,2,636,505.8272,0.2045,1010.2554,1009.6399,1009.6399,0.0766,15.42,1056,223
276,3,288,573.6430,0.3350,1719.0396,1717.9074,1717.9074,0.0569,49.01,896,140
276,2,310,505.2894,0.2421,1009.1795,1008.5642,1008.5642,0.0366,3.79,852,230
276,1,232,535.2889,0.1151,534.6102,534.2816,534.2816,0.0366,100.00,776,272
276,3,125,572.9799,0.2695,1717.0497,1715.9178,1715.9178,0.0366,100.00,649,108
276,2,131,536.8001,0.1163,1072.2420,1071.5857,1071.5857,0.0366,63.35,483,346
277,3,3051,562.6736,0.0867,1685.1119,1683.9960,1683.9960,0.0723,100.00,7244,3820
277,2,2676,545.7774,0.0767,1090.1993,1089.5403,1089.5403,0.0602,134.42,5749,1248
277,4,515,488.7527,0.0690,1951.2590,1949.9786,1950.9815,0.1432,100.00,1595,1004
277,2,716,581.7954,0.0671,1162.2870,1161.5763,1161.5763,0.1249,100.00,1898,320
277,2,434,502.2902,0.1292,1003.1802,1002.5658,1002.5658,0.0509,100.00,1697,875
277,3,274,515.9740,0.1533,1545.9342,1544.9003,1544.9003,0.0861,100.00,1265,639
277,2,517,470.7978,0.0464,940.1545,939.5810,939.5810,0.0487,100.00,1146,65
277,3,142,480.5974,0.0858,1439.7361,1438.7703,1438.7703,0.0487,100.00,1135,482
277,2,346,505.8246,0.1925,1010.2501,1009.6347,1009.6347,0.0392,11.72,955,240
277,1,279,535.2787,0.1078,534.6000,534.2714,534.2714,0.0721,100.00,759,235
277,2,53,505.2929,0.3443,1009.1865,1008.5712,1008.5712,0.0721,3.78,737,368
277,3,2,573.2799,0.3114,1712.9400,1711.8079,1711.8079,0.0721,17.00,290,168
277,2,243,536.7975,0.1715,1072.2367,1071.5804,1071.5804,0.0560,59.48,453,354
277,2,129,545.2652,0.2991,1084.1613,1083.5024,1083.5024,0.0560,3.33,240,31
277,3,115,571.2856,0.1288,1710.9634,1709.8322,1709.8322,0.0560,3.39,392,290
278,3,3257,562.6730,0.0982,1685.1103,1683.9943,1683.9943,0.0736,100.00,6954,3262
278,2,2737,545.7748,0.0716,1090.1940,1089.5350,1089.5350,0.0608,151.70,6488,1239
278,2,300,581.7964,0.0876,1162.2888,1161.5782,1161.5782,0.1492,100.00,1595,269
278,4,767,488.7612,0.0739,1951.2930,1950.0126,1951.0155,0.0510,100.00,1376,879
278,2,129,470.7955,0.0606,940.1500,939.5766,939.5766,0.0510,100.00,1043,0
278,2,289,502.2918,0.1477,1003.1836,1002.5691,1002.5691,0.0636,22.30,863,344
278,3,79,480.6001,0.1097,1439.7442,1438.7784,1438.7784,0.0636,100.00,742,482
278,2,318,505.8205,0.1463,1010.2420,1009.6265,1009.6265,0.0636,9.06,713,281
278,3,98,515.9752,0.3751,1545.9377,1544.9038,1544.9038,0.0636,100.00,681,574
278,2,606,505.2983,0.2930,1009.1975,1008.5822,1008.5822,0.0632,100.00,657,341
278,2,612,536.2716,0.0491,1071.1849,1070.5287,1070.5287,0.0644,100.00,653,328
278,2,239,545.2657,0.2951,1085.1649,1084.5060,1084.5060,0.0644,3.43,161,52
278,3,299,497.9443,0.1215,1491.8054,1490.8111,1490.8111,0.0553,100.00,394,70
279,3,1791,562.6690,0.0598,1685.0981,1683.9822,1683.9822,0.0749,100.00,6131,3310
279,2,1615,545.7753,0.0873,1090.1951,1089.5361,1089.5361,0.0666,100.00,6574,905
279,4,57,488.5120,0.0686,1951.2993,1950.0190,1951.0219,0.0666,100.00,1275,712
279,2,739,581.8009,0.0984,1162.2979,1161.5872,1161.5872,0.2494,920.46,1262,282
279,2,130,536.2719,0.0915,1071.1854,1070.5293,1070.5293,0.2494,100.00,976,270
279,3,4,750.6773,0.3425,2249.4659,2248.0071,2249.0100,0.2494,33.52,34,399
279,3,320,573.6342,0.2673,1718.0101,1716.8779,1716.8779,0.0562,64.28,478,265
279,1,255,545.2605,0.0977,544.5835,544.2532,544.2532,0.7567,3.12,545,320
279,1,334,561.2927,0.1195,560.6274,560.2854,560.2854,0.0629,4.47,485,866
279,2,64,502.2920,0.2173,1003.1838,1002.5694,1002.5694,0.0629,10.68,413,137
279,3,109,516.9548,0.1488,1547.8739,1546.8396,1546.8396,0.0629,100.00,337,81
280,3,1767,562.6655,0.0503,1685.0878,1683.9718,1683.9718,0.0718,100.00,4658,2536
280,2,1447,545.7749,0.0572,1090.1943,1089.5353,1089.5353,0.0672,100.00,5003,928
280,3,96,750.6735,0.3192,2249.4545,2247.9957,2248.9986,0.0672,45.98,34,530
280,2,131,581.8044,0.1590,1162.3048,1161.5942,1161.5942,0.0672,590.71,810,315
280,4,115,488.7618,0.1732,1951.2957,1950.0153,1951.0182,0.0672,3.97,429,246
280,1,28,545.2634,0.0662,542.5810,542.2508,542.2508,0.0672,100.00,203,712
280,5,30,573.6040,0.2177,2863.8123,2861.9811,2862.9839,0.0672,42.73,486,315
280,1,41,561.2927,0.1195,560.6274,560.2854,560.2854,0.0672,5.10,485,0
281,3,1012,562.3297,0.0316,1685.0829,1683.9672,1683.9672,0.1011,100.00,3803,1963
281,2,1331,545.7762,0.0436,1090.1968,1089.5378,1089.5378,0.0631,100.00,3593,567
281,3,1056,750.6749,0.3720,2249.4589,2248.0001,2249.0030,0.0757,100.00,34,425
281,3,255,685.0206,0.2367,2044.3568,2043.0204,2044.0233,0.0702,100.00,134,131
281,2,91,581.7971,0.0497,1162.2904,1161.5797,1161.5797,0.0702,164.01,787,252
281,2,87,515.3228,0.2651,1021.2414,1020.6102,1020.6102,0.0702,181.97,111,54
281,2,403,536.2979,0.2339,1071.2375,1070.5813,1070.5813,0.0949,10.35,682,297
281,1,174,545.2651,0.1048,544.5881,544.2579,544.2579,0.0949,9.01,555,240
281,2,19,593.8479,0.2612,1185.4039,1184.6783,1184.6783,0.0949,15.48,458,142
281,5,91,573.6317,0.2887,2863.9508,2862.1196,2863.1223,0.0949,5.85,194,300
281,1,278,561.2927,0.1195,560.6274,560.2854,560.2854,0.0949,4.47,485,687
281,3,101,685.7019,0.2469,2054.4177,2053.0810,2054.0839,0.0949,10.43,357,128
281,2,242,535.7786,0.3717,1066.1878,1065.5318,1065.5318,0.6353,162.44,249,191
281,2,176,573.2817,0.2328,1141.2367,1140.5379,1140.5379,0.6353,5.09,297,162
282,3,763,562.3278,0.0480,1685.0773,1683.9615,1683.9615,0.0757,100.00,2893,1153
282,2,384,545.7730,0.0516,1090.1904,1089.5314,1089.5314,0.1859,100.00,2672,390
282,2,87,593.8457,0.2173,1185.3996,1184.6740,1184.6740,0.1859,20.51,1503,359
282,3,181,750.6722,0.3684,2249.4508,2247.9919,2248.9948,0.1859,18.38,0,554
282,2,61,582.2931,0.1063,1162.2795,1161.5688,1161.5688,0.1859,100.00,531,144
282,3,78,685.3339,0.1463,2054.3165,2052.9799,2053.9828,0.1859,100.00,459,193
282,3,186,573.6255,0.0773,1718.9870,1717.8547,1717.8547,0.1859,3.34,457,255
282,1,29,561.2924,0.1217,560.6271,560.2851,560.2851,0.1859,159.84,456,587
282,1,112,552.7825,0.0398,552.1158,551.7752,551.7752,0.1859,3.21,448,241
282,1,155,551.7800,0.1178,551.1039,550.7727,550.7727,0.1859,64.17,401,142
282,1,315,545.2674,0.0964,542.5850,542.2547,542.2547,0.0513,3.40,205,327
282,1,43,560.2909,0.1044,559.6255,559.2837,559.2837,0.0513,100.00,307,0
283,2,496,593.3325,0.0434,1185.3759,1184.6505,1184.6505,0.0717,164.44,4792,572
283,3,436,562.3159,0.0772,1685.0415,1683.9258,1683.9258,0.1081,100.00,1710,763
283,2,549,545.7792,0.0521,1090.2028,1089.5438,1089.5438,0.0493,100.00,1658,418
283,3,452,750.6702,0.3943,2249.4448,2247.9859,2248.9888,0.0583,38.27,0,535
283,3,595,685.0131,0.3292,2053.3539,2052.0175,2053.0204,0.0475,3.07,1042,329
283,2,314,581.8206,0.2099,1162.3373,1161.6266,1161.6266,0.1008,8.48,659,144
283,6,424,573.7974,0.2196,3436.9216,3434.7351,3436.7407,0.0365,6.34,211,653
283,2,85,552.7792,0.1970,1103.2133,1102.5409,1102.5409,0.0365,100.00,414,73
283,3,282,559.9885,0.3842,1678.0584,1676.9437,1676.9437,0.0348,12.85,412,86
283,1,13,580.8124,0.2795,578.1558,577.7996,577.7996,0.0348,100.00,48,364
283,1,27,545.2672,0.1136,544.5902,544.2599,544.2599,0.0348,100.00,313,271
284,2,1453,593.3346,0.0649,1185.3801,1184.6547,1184.6547,0.0680,167.22,13324,1946
284,3,159,562.3241,0.0697,1685.0662,1683.9504,1683.9504,0.0680,100.00,908,466
284,2,228,546.2713,0.0497,1091.1893,1090.5281,1090.5281,0.0598,100.00,890,153
284,2,360,581.8193,0.1828,1162.3347,1161.6241,1161.6241,0.0545,9.02,672,154
284,3,300,750.6689,0.3652,2250.4438,2248.9850,2249.9879,0.5118,25.48,843,324
284,3,115,685.3294,0.1055,2053.3000,2051.9634,2052.9663,0.5118,563.56,850,426
284,1,316,584.3178,0.0757,583.6673,583.3105,583.3105,0.0515,3.32,343,118
284,2,233,551.7806,0.1085,1102.2188,1101.5466,1101.5466,0.0554,98.83,618,430
284,1,255,560.2869,0.1219,559.6215,559.2796,559.2796,0.1402,5.10,510,0
284,1,34,553.8027,0.0824,553.1362,552.7955,552.7955,0.1402,100.00,458,46
284,1,122,583.3011,0.2011,575.6323,575.2757,575.2757,0.1402,100.00,248,16
284,6,132,573.6280,0.2740,3436.9079,3434.7217,3436.7272,0.1402,3.30,194,730
284,4,58,559.9429,0.3627,2236.1872,2234.7396,2235.7425,0.1402,4009.47,218,202
285,2,4256,593.3363,0.0693,1185.3834,1184.6580,1184.6580,0.0780,821.40,27270,4127
285,3,195,685.0065,0.2833,2053.3342,2051.9978,2053.0007,0.0780,5.52,825,644
285,3,83,750.9961,0.2363,2250.4241,2248.9635,2249.9664,0.0780,24.63,794,392
285,2,570,581.8191,0.1528,1162.3342,1161.6236,1161.6236,0.0567,116.46,798,148
285,1,254,584.3170,0.0560,583.6665,583.3097,583.3097,0.3935,100.00,707,142
285,2,203,545.7777,0.0519,1090.1999,1089.5409,1089.5409,0.3935,100.00,620,125
285,2,153,551.7778,0.0826,1102.2132,1101.5411,1101.5411,0.3935,93.39,584,347
285,1,138,560.2871,0.2301,559.6217,559.2799,559.2799,0.3935,5.26,510,362
285,2,410,573.7923,0.1015,1146.2690,1145.5701,1145.5701,0.0409,5.15,507,217
285,1,131,553.8007,0.0470,553.1342,552.7934,552.7934,0.0409,100.00,472,46
285,1,111,581.3265,0.1214,580.6755,580.3193,580.3193,0.0409,100.00,415,604
285,3,190,562.6296,0.1871,1685.9828,1684.8669,1684.8669,0.0409,4.02,408,190
285,3,163,571.2649,0.2902,1711.9040,1710.7728,1710.7728,0.0409,100.00,323,137
286,2,11582,593.3361,0.0681,1185.3830,1184.6576,1184.6576,0.0806,100.00,49150,6583
286,3,308,750.9981,0.1599,2250.4302,2248.9696,2249.9725,0.0864,159.07,601,513
286,3,193,584.3177,0.1996,1751.0868,1749.9312,1749.9312,0.0864,4.49,827,166
286,3,129,685.3832,0.2538,2053.4616,2052.1250,2053.1279,0.0864,100.00,503,502
286,2,141,581.8230,0.1464,1162.3421,1161.6315,1161.6315,0.0864,100.00,679,164
286,2,493,553.8052,0.1197,1106.2704,1105.5959,1105.5959,0.0599,100.00,665,139
286,1,316,583.3049,0.2168,580.6488,580.2921,580.2921,0.0641,34.95,510,615
286,1,377,551.7882,0.0892,551.1121,550.7809,550.7809,0.0511,100.00,593,0
286,2,114,573.7942,0.1230,1146.2727,1145.5738,1145.5738,0.0511,7.39,505,351
286,1,187,560.2873,0.2406,557.6164,557.2745,557.2745,0.0511,5.97,96,414
286,2,119,580.8210,0.3571,1160.3378,1159.6275,1159.6275,0.0511,36.96,373,0
286,1,69,561.2992,0.0533,560.6339,560.2919,560.2919,0.0511,100.00,345,90
286,1,255,585.3180,0.0827,584.6676,584.3107,584.3107,0.0643,100.00,337,51
287,2,19777,593.3374,0.0617,1185.3857,1184.6603,1184.6603,0.0772,100.00,74739,10505
287,3,376,751.0023,0.0659,2250.4429,2248.9823,2249.9852,0.1343,147.93,867,707
287,3,380,651.3511,0.2491,1951.3089,1950.0285,1951.0314,0.0555,100.00,602,249
287,2,126,573.7890,0.0930,1146.2624,1145.5634,1145.5634,0.0555,17.25,713,328
287,1,348,583.2999,0.2885,582.6493,582.2926,582.2926,0.0464,100.00,688,347
287,2,188,580.8011,0.1461,1160.2980,1159.5877,1159.5877,0.0464,66.27,670,456
287,3,311,685.3816,0.2674,2053.4565,2052.1199,2053.1228,0.2516,10.95,259,503
287,2,191,554.2920,0.1180,1107.2438,1106.5694,1106.5694,0.2516,4.86,640,34
287,3,330,571.2614,0.1999,1711.8935,1710.7623,1710.7623,0.3123,3.37,498,195
287,2,99,573.3197,0.2631,1141.3128,1140.6141,1140.6141,0.3123,4.06,498,241
287,2,23,551.7872,0.0959,1102.2319,1101.5598,1101.5598,0.3123,100.00,470,86
287,4,255,584.6435,0.3106,2335.0564,2333.5422,2334.5451,0.3123,14.16,193,166
288,2,30537,593.3374,0.0597,1185.3857,1184.6602,1184.6602,0.0802,4622.31,99445,13831
288,3,347,651.3369,0.0766,1951.2665,1949.9861,1950.9890,0.0676,100.00,1129,787
288,3,405,751.0104,0.0481,2250.4670,2249.0064,2250.0093,0.0786,151.80,1130,822
288,3,124,571.6301,0.1539,1711.9971,1710.8657,1710.8657,0.0786,17.49,583,195
288,2,503,553.8066,0.1441,1106.2732,1105.5988,1105.5988,0.0376,13.76,726,229
288,2,272,551.7975,0.1280,1102.2526,1101.5805,1101.5805,0.0577,100.00,601,64
288,1,22,583.3013,0.2163,582.6506,582.2940,582.2940,0.0577,100.00,547,437
288,2,255,573.3197,0.2549,1141.3128,1140.6141,1140.6141,0.3232,4.06,583,142
288,2,253,573.7858,0.1812,1146.2560,1145.5570,1145.5570,0.1034,12.00,489,417
289,2,36766,593.3377,0.0571,1185.3864,1184.6609,1184.6609,0.0794,5508.90,118520,16703
289,3,587,651.0005,0.0924,1951.2599,1949.9796,1950.9825,0.0582,100.00,2423,1723
289,3,436,751.0115,0.0465,2250.4703,2249.0097,2250.0126,0.1264,177.43,1330,1145
289,3,264,571.6262,0.1497,1711.9852,1710.8539,1710.8539,0.1264,77.73,681,348
289,2,290,554.2943,0.0795,1107.2484,1106.5740,1106.5740,0.0864,180.23,664,10
289,3,147,723.0805,0.2246,2166.6225,2165.2168,2166.2197,0.0864,100.00,458,98
289,2,71,551.8020,0.1339,1102.2617,1101.5895,1101.5895,0.0864,100.00,537,64
289,2,510,573.7873,0.2414,1146.2589,1145.5600,1145.5600,0.2627,7.80,482,458
290,2,37094,593.3385,0.0580,1185.3879,1184.6625,1184.6625,0.0851,8438.74,125857,17326
290,3,837,651.0016,0.0701,1951.2634,1949.9832,1950.9861,0.1006,100.00,4430,2418
290,3,491,750.6770,0.1111,2250.4682,2249.0094,2250.0123,0.1050,2095.86,1976,1870
290,3,489,571.6255,0.0768,1711.9831,1710.8517,1710.8517,0.0774,101.14,842,380
290,3,255,723.0829,0.1718,2166.6298,2165.2241,2166.2270,0.0774,100.00,492,313
290,3,255,617.9917,0.0995,1851.1655,1849.9503,1850.9532,0.0774,4.07,466,302
290,1,211,573.8017,0.0992,573.1403,572.7944,572.7944,0.0774,28.12,655,45
290,2,5,551.3102,0.2866,1101.2779,1100.6059,1100.6059,0.0774,5.23,595,469
290,2,145,554.2958,0.1280,1107.2514,1106.5770,1106.5770,0.0774,161.50,595,10
290,2,6,573.3105,0.3641,1145.3051,1144.6064,1144.6064,0.0774,22.68,493,73
290,2,110,578.3633,0.1680,1155.4124,1154.7121,1154.7121,0.0774,4.93,447,127
291,2,36784,593.3383,0.0581,1185.3874,1184.6620,1184.6620,0.0853,8044.76,119981,17327
291,3,1669,651.0017,0.0662,1951.2636,1949.9833,1950.9862,0.0762,100.00,5694,3419
291,3,531,750.6751,0.2577,2250.4624,2249.0035,2250.0064,0.0719,2737.02,2580,2236
291,3,529,571.6231,0.2140,1711.9759,1710.8446,1710.8446,0.0759,100.00,799,407
291,3,795,617.9949,0.1353,1851.1752,1849.9599,1850.9628,0.0559,4.24,874,302
291,3,456,723.0812,0.1451,2166.6245,2165.2188,2166.2217,0.0673,100.00,790,357
291,2,127,578.8682,0.1433,1156.4223,1155.7219,1155.7219,0.0673,44.82,681,54
291,2,98,552.3058,0.2857,1103.2693,1102.5970,1102.5970,0.0673,100.00,527,55
292,2,29684,593.3378,0.0664,1185.3864,1184.6610,1184.6610,0.0817,6310.27,107094,14693
292,3,2682,650.9992,0.0405,1951.2562,1949.9759,1950.9788,0.0771,122.96,6355,4095
292,3,947,750.6716,0.1098,2250.4519,2248.9930,2249.9959,0.0880,44.78,2841,2461
292,3,97,617.9963,0.1430,1851.1794,1849.9641,1850.9670,0.0880,46.08,1342,376
292,3,371,723.0791,0.1615,2166.6184,2165.2127,2166.2156,0.0662,100.00,834,568
292,3,145,571.6287,0.1985,1711.9928,1710.8615,1710.8615,0.0662,100.00,766,251
292,2,540,578.8630,0.1056,1156.4119,1155.7114,1155.7114,0.0470,100.00,840,120
292,2,323,573.8086,0.0821,1146.3017,1145.6027,1145.6027,0.0470,13.51,687,193
293,2,22352,593.3384,0.0722,1185.3877,1184.6622,1184.6622,0.0777,26993.99,85609,12403
293,3,2042,650.9974,0.0439,1951.2508,1949.9705,1950.9734,0.0671,159.42,6982,3923
293,3,910,750.6750,0.1444,2250.4622,2249.0033,2250.0062,0.0737,58.33,3026,2813
293,3,643,617.9960,0.1456,1851.1785,1849.9633,1850.9661,0.0659,37.52,1652,377
293,3,373,723.0824,0.1448,2166.6281,2165.2224,2166.2253,0.2200,100.00,1133,892
293,2,432,578.8638,0.1315,1156.4136,1155.7132,1155.7132,0.0677,100.00,958,101
293,3,439,571.6247,0.0969,1711.9807,1710.8494,1710.8494,0.1031,100.00,651,274
293,2,79,601.8514,0.0404,1202.4179,1201.6883,1201.6883,0.1031,100.00,672,170
293,2,374,573.8054,0.0899,1146.2951,1145.5962,1145.5962,0.0551,5.89,638,106
294,2,19511,593.3388,0.0797,1185.3884,1184.6630,1184.6630,0.0732,16890.49,60805,8430
294,3,1739,650.9954,0.0267,1951.2446,1949.9643,1950.9672,0.0670,301.33,6043,3295
294,3,1028,750.6788,0.0844,2250.4736,2249.0148,2250.0177,0.0713,40.36,3289,2796
294,3,327,722.6899,0.1980,2166.4537,2165.0482,2166.0511,0.0713,26.16,1555,1149
294,3,869,617.6653,0.1298,1851.1891,1849.9740,1850.9769,0.0731,17.89,1761,537
294,2,232,601.8533,0.0371,1202.4216,1201.6921,1201.6921,0.0731,100.00,1085,232
294,2,402,578.3167,0.1505,1155.3190,1154.6188,1154.6188,0.0897,100.00,985,391
294,2,267,573.8052,0.1171,1146.2947,1145.5958,1145.5958,0.0897,92.82,705,26
294,3,101,571.3027,0.1467,1712.0175,1710.8863,1710.8863,0.0897,4.05,570,135
294,1,20,592.7985,0.1196,592.1492,591.7912,591.7912,0.0897,3.07,457,0
295,2,9608,593.3367,0.0869,1185.3844,1184.6589,1184.6589,0.0720,26398.91,40729,6270
295,3,1764,650.9904,0.0202,1951.2297,1949.9495,1950.9524,0.0845,187.98,4301,2602
295,3,643,751.0089,0.0476,2250.4627,2249.0021,2250.0050,0.0932,46.38,3125,2284
295,3,471,722.7125,0.1469,2166.5214,2165.1158,2166.1187,0.1260,100.00,2194,1253
295,3,516,617.6618,0.1655,1851.1788,1849.9637,1850.9666,0.1735,2132.86,1645,284
295,2,627,601.8559,0.0546,1202.4268,1201.6972,1201.6972,0.0678,100.00,1630,364
295,1,526,619.7813,0.0119,619.1563,618.7741,618.7741,0.0621,100.00,992,105
295,2,217,597.3130,0.0830,1193.3397,1192.6115,1192.6115,0.0621,100.00,822,201
295,2,211,578.3302,0.0774,1155.3461,1154.6458,1154.6458,0.0621,100.00,807,384
295,4,313,681.6196,0.1311,2723.1936,2721.4466,2722.4495,0.0447,100.00,445,520
295,2,95,621.2934,0.2203,1235.3125,1234.5565,1234.5565,0.0447,100.00,284,180
296,2,4260,593.3388,0.0963,1185.3885,1184.6630,1184.6630,0.0728,100.00,25512,3839
296,3,1314,751.0105,0.0634,2250.4672,2249.0067,2250.0095,0.0859,44.51,2563,1835
296,3,502,650.9866,0.0227,1951.2184,1949.9382,1950.9411,0.1017,100.00,3059,1631
296,3,918,722.7274,0.1231,2166.5661,2165.1606,2166.1635,0.1307,100.00,2272,1521
296,2,575,601.8537,0.0530,1202.4224,1201.6929,1201.6929,0.0511,100.00,1976,480
296,3,195,617.6579,0.1438,1851.1669,1849.9518,1850.9547,0.0511,39.00,1363,279
296,2,523,597.3154,0.1093,1190.3362,1189.6081,1189.6081,0.0673,100.00,317,129
296,1,411,619.7838,0.0243,619.1587,618.7765,618.7765,0.0604,100.00,987,105
296,2,519,681.8788,0.3461,1362.6657,1361.7430,1361.7430,0.3120,126.06,864,43
296,2,341,578.3300,0.0325,1155.3458,1154.6455,1154.6455,0.0974,100.00,841,411
296,1,143,601.3412,0.1968,595.6897,595.3210,595.3210,0.0974,100.00,145,300
296,4,409,681.1372,0.3291,2721.2634,2719.5167,2720.5195,0.0507,21.14,27,533
296,2,219,621.2926,0.1912,1241.3267,1240.5706,1240.5706,0.0507,100.00,395,118
297,2,1710,593.3419,0.0983,1185.3947,1184.6693,1184.6693,0.0940,23574.08,12121,2312
297,3,1034,722.7241,0.1809,2166.5563,2165.1507,2166.1536,0.0604,100.00,2636,1765
297,3,808,751.0087,0.0394,2250.4619,2249.0014,2250.0043,0.0745,100.00,1996,1474
297,2,869,601.8525,0.0666,1202.4200,1201.6905,1201.6905,0.0825,100.00,2183,503
297,3,148,650.9864,0.1109,1951.2176,1949.9373,1950.9402,0.0825,100.00,1871,761
297,2,375,597.3172,0.0677,1193.3481,1192.6199,1192.6199,0.0580,100.00,1123,442
297,1,346,619.7815,0.0150,619.1564,618.7742,618.7742,0.0484,100.00,995,105
297,4,442,681.3583,0.2229,2722.1478,2720.4011,2721.4039,0.6775,19.19,891,816
297,3,328,617.6588,0.1435,1851.1697,1849.9546,1850.9575,0.0670,17.01,784,218
297,2,202,578.3346,0.0216,1155.3549,1154.6546,1154.6546,0.0670,100.00,671,288
297,2,198,595.8185,0.1090,1190.3501,1189.6224,1189.6224,0.0670,3.17,415,87
297,3,286,574.3257,0.1241,1720.0849,1718.9524,1718.9524,0.0424,3.04,386,57
297,1,80,592.7913,0.1254,592.1420,591.7840,591.7840,0.0424,5.67,348,553
298,2,1577,593.3451,0.1209,1185.4010,1184.6756,1184.6756,0.0834,100.00,5669,1066
298,3,729,722.7236,0.1570,2166.5547,2165.1491,2166.1520,0.0753,100.00,3224,2121
298,2,555,601.8489,0.0423,1202.4128,1201.6833,1201.6833,0.0993,100.00,1819,436
298,3,461,751.0104,0.0615,2250.4671,2249.0065,2250.0094,0.0757,100.00,1518,938
298,4,682,681.1386,0.3525,2721.2692,2719.5225,2720.5253,0.0945,20.64,176,1185
298,2,429,597.3165,0.0386,1193.3467,1192.6185,1192.6185,0.0598,100.00,1193,388
298,1,198,619.7976,0.0952,619.1726,618.7904,618.7904,0.0598,100.00,1144,17
298,3,11,651.3399,0.0389,1951.2755,1949.9951,1950.9980,0.0598,100.00,536,378
298,3,107,574.3279,0.1914,1720.0916,1718.9590,1718.9590,0.0598,3.06,434,229
298,2,79,578.3304,0.0290,1155.3466,1154.6463,1154.6463,0.0598,55.33,512,159
298,2,132,595.8183,0.1552,1190.3497,1189.6220,1189.6220,0.0598,3.33,405,91
298,1,37,592.7913,0.1254,592.1420,591.7840,591.7840,0.0598,5.67,348,411
299,3,785,722.7312,0.0641,2166.5775,2165.1720,2166.1749,0.0797,100.00,3339,2405
299,2,555,593.3285,0.0772,1185.3678,1184.6424,1184.6424,0.0954,100.00,3090,793
299,4,530,681.1367,0.3148,2721.2615,2719.5149,2720.5177,0.0688,38.51,284,1156
299,2,499,601.8462,0.0405,1202.4073,1201.6778,1201.6778,0.0590,189.71,1609,441
299,2,233,619.7975,0.0808,1238.3341,1237.5805,1237.5805,0.0590,100.00,940,258
299,3,205,750.6775,0.0552,2250.4697,2249.0108,2250.0137,0.0590,29.49,884,504
299,2,77,597.3184,0.1332,1193.3504,1192.6222,1192.6222,0.0590,100.00,823,517
299,3,96,627.0016,0.2393,1879.2210,1877.9831,1878.9860,0.0590,16.25,575,126
299,3,96,574.3274,0.3070,1721.0928,1719.9603,1719.9603,0.0590,4.01,522,113
299,2,353,595.8179,0.1822,1190.3490,1189.6212,1189.6212,0.0535,3.43,412,4
299,3,39,613.6400,0.1902,1838.1049,1836.8952,1837.8981,0.0535,100.00,327,381
299,3,170,573.9244,0.3895,1719.8838,1718.7514,1718.7514,0.0535,6.19,316,229
300,3,1193,722.7372,0.0933,2166.5955,2165.1900,2166.1929,0.0900,89.28,4364,2822
300,2,79,593.3383,0.1130,1185.3875,1184.6620,1184.6620,0.0900,100.00,1980,174
300,4,1056,681.1315,0.2943,2721.2407,2719.4941,2720.4968,0.0899,34.26,284,948
300,2,228,601.8378,0.0490,1202.3907,1201.6611,1201.6611,0.0401,25.09,1262,361
300,1,112,601.3383,0.1126,600.6997,600.3310,600.3310,0.0401,12.37,549,122
300,2,666,619.7994,0.0915,1238.3378,1237.5842,1237.5842,0.0561,100.00,1026,216
300,3,175,594.9748,0.1480,1782.0731,1780.8997,1780.8997,0.0561,23.68,653,371
300,3,366,627.0051,0.2280,1879.2315,1877.9936,1878.9965,0.1056,100.00,821,151
300,2,330,597.8227,0.0640,1189.3458,1188.6175,1188.6175,0.0704,11.99,371,99
300,3,184,613.6848,0.3035,1838.2392,1837.0295,1838.0324,0.0704,10.31,432,440
300,3,94,751.0203,0.1180,2250.4969,2249.0363,2250.0392,0.0704,100.00,349,221
300,2,50,598.2743,0.1324,1195.2626,1194.5341,1194.5341,0.0704,100.00,483,113
300,3,273,574.3305,0.1726,1720.0993,1718.9667,1718.9667,0.2232,3.09,316,182
301,3,1342,722.7366,0.0902,2166.5938,2165.1883,2166.1912,0.0682,88.33,5706,3447
301,2,248,601.3322,0.0827,1201.3792,1200.6498,1200.6498,0.1202,15.99,1337,502
301,4,694,681.1362,0.3162,2721.2597,2719.5130,2720.5159,0.0719,100.00,257,873
301,2,328,593.3387,0.1480,1185.3883,1184.6628,1184.6628,0.0539,100.00,1155,95
301,2,69,628.8779,0.0718,1256.5089,1255.7413,1255.7413,0.0539,100.00,1106,271
301,2,168,619.8001,0.1053,1238.3392,1237.5857,1237.5857,0.0539,100.00,1079,193
301,3,294,627.0073,0.1991,1879.2381,1878.0001,1879.0031,0.0926,100.00,790,151
301,2,237,597.8216,0.1708,1194.3569,1193.6286,1193.6286,0.0411,12.50,750,152
301,3,151,613.3259,0.1416,1838.1655,1836.9559,1837.9588,0.0411,11.86,697,367
301,1,44,597.3105,0.1379,596.6712,596.3032,596.3032,0.0411,100.00,440,113
302,3,2091,722.7386,0.1381,2166.5998,2165.1943,2166.1972,0.0838,262.97,7701,3709
302,2,581,628.8674,0.0310,1256.4879,1255.7203,1255.7203,0.0997,100.00,2415,657
302,4,121,681.1342,0.3563,2721.2515,2719.5049,2720.5077,0.0997,111.89,246,592
302,2,278,601.3248,0.0321,1201.3645,1200.6351,1200.6351,0.0693,100.00,1080,354
302,2,422,593.3404,0.1548,1185.3917,1184.6663,1184.6663,0.0437,100.00,891,63
302,3,281,613.3233,0.1102,1838.1576,1836.9481,1837.9510,0.0408,8.31,686,381
302,3,380,627.0097,0.2093,1879.2452,1878.0073,1879.0102,0.0539,100.00,752,151
302,2,173,597.8193,0.2381,1194.3525,1193.6241,1193.6241,0.0539,8.40,537,43
302,2,231,597.3072,0.3314,1193.3280,1192.5999,1192.5999,0.5937,100.00,404,170
302,2,81,604.8392,0.1317,1208.4036,1207.6639,1207.6639,0.5937,100.00,394,37
302,3,121,785.6821,0.2825,2354.5478,2353.0215,2354.0244,0.5937,5.35,266,162
303,3,2476,722.7396,0.1522,2166.6027,2165.1971,2166.2001,0.0902,1732.24,9304,5021
303,2,1129,628.8745,0.0509,1256.5021,1255.7345,1255.7345,0.0711,100.00,6988,1083
303,2,433,593.3375,0.1619,1185.3859,1184.6605,1184.6605,0.0805,100.00,1145,69
303,3,450,613.3229,0.1087,1838.1565,1836.9469,1837.9499,0.1700,7.77,916,509
303,2,591,601.8487,0.1645,1201.4095,1200.6799,1200.6799,0.0624,53.64,1014,191
303,3,89,627.0059,0.1883,1879.2340,1877.9961,1878.9990,0.0624,42.36,548,105
303,4,78,681.1256,0.3310,2721.2173,2719.4707,2720.4734,0.0624,9.58,106,296
304,2,2000,628.8775,0.0575,1256.5081,1255.7405,1255.7405,0.0696,100.00,12076,2220
304,3,3309,722.7392,0.1299,2166.6015,2165.1960,2166.1989,0.0759,100.00,9803,5342
304,2,155,593.3397,0.1257,1185.3903,1184.6648,1184.6648,0.0759,100.00,1163,107
304,3,234,613.3249,0.2511,1838.1626,1836.9530,1837.9559,0.0934,7.95,955,209
304,2,328,601.3221,0.1007,1201.3590,1200.6296,1200.6296,0.0713,100.00,833,86
304,2,255,619.8075,0.2117,1238.3541,1237.6005,1237.6005,0.0713,11.35,496,198
304,3,208,627.3497,0.2190,1879.2625,1878.0244,1879.0273,0.0713,100.00,315,28
305,2,6078,628.8776,0.0601,1256.5083,1255.7407,1255.7407,0.0735,100.00,16773,2766
305,3,3459,722.7370,0.0995,2166.5949,2165.1893,2166.1922,0.0686,100.00,9056,5576
305,2,437,593.3381,0.0876,1185.3871,1184.6617,1184.6617,0.0586,100.00,965,82
305,2,18,601.3086,0.1158,1201.3320,1200.6026,1200.6026,0.0586,100.00,671,82
305,2,215,647.8515,0.1736,1294.4819,1293.6885,1293.6885,0.0586,38.29,242,75
306,2,7516,628.8781,0.0660,1256.5093,1255.7417,1255.7417,0.0700,100.00,20673,3328
306,3,2160,722.7364,0.0749,2166.5930,2165.1874,2166.1903,0.0932,100.00,7813,5056
306,2,433,593.3371,0.0655,1185.3850,1184.6596,1184.6596,0.0408,5.67,835,129
306,3,249,613.3278,0.1714,1838.1713,1836.9617,1837.9647,0.0408,110.84,747,215
306,2,153,601.2944,0.2001,1201.3037,1200.5743,1200.5743,0.0408,3.70,302,16
307,2,7074,628.8789,0.0710,1256.5108,1255.7432,1255.7432,0.0719,100.00,21797,3444
307,3,1687,723.0784,0.0957,2166.6163,2165.2106,2166.2135,0.0761,227.00,5614,4381
307,2,72,593.3369,0.0446,1185.3848,1184.6593,1184.6593,0.0761,100.00,1114,127
307,3,101,613.3351,0.2246,1838.1930,1836.9834,1837.9864,0.0761,25.96,569,214
307,1,12,646.8693,0.1236,643.2517,642.8540,642.8540,0.0761,100.00,125,0
308,2,6335,628.8794,0.0828,1256.5119,1255.7443,1255.7443,0.0740,100.00,18902,3323
308,3,1796,723.0804,0.0973,2166.6221,2165.2164,2166.2193,0.0759,145.74,3543,2505
308,2,253,593.3394,0.0500,1185.3898,1184.6643,1184.6643,0.0586,100.00,861,135
308,3,349,830.4446,0.2821,2488.9169,2487.3090,2488.3119,0.0551,100.00,21,265
308,1,399,647.8533,0.0630,647.2438,646.8460,646.8460,0.0649,28.47,507,135
308,3,101,674.3370,0.2100,2021.3116,2019.9894,2020.9922,0.0649,4.06,257,43
308,1,28,646.8693,0.1089,643.2517,642.8540,642.8540,0.0649,100.00,125,0
309,2,3278,628.8785,0.0870,1256.5101,1255.7425,1255.7425,0.0754,100.00,14185,2277
309,3,508,723.0777,0.0924,2166.6140,2165.2082,2166.2112,0.0502,100.00,2231,1733
309,2,410,593.8368,0.0964,1185.3817,1184.6561,1184.6561,0.0620,100.00,661,169
309,3,244,830.4446,0.2512,2488.9169,2487.3090,2488.3119,4.6634,100.00,21,375
309,2,232,647.8533,0.0690,1294.4855,1293.6920,1293.6920,0.1425,100.00,508,132
309,3,173,674.3370,0.2136,2021.3116,2019.9894,2020.9922,0.1425,4.06,257,43
310,2,2328,628.8788,0.1049,1256.5107,1255.7431,1255.7431,0.0677,100.00,9308,1662
310,3,267,723.0733,0.0791,2166.6008,2165.1950,2166.1979,0.2190,100.00,1213,1052
310,2,94,593.3340,0.0478,1185.3789,1184.6535,1184.6535,0.2190,100.00,703,169
310,3,300,830.4538,0.2596,2488.9446,2487.3366,2488.3395,0.0553,100.00,21,343
310,2,118,647.8566,0.0617,1294.4922,1293.6987,1293.6987,0.0553,10.00,410,77
310,1,538,640.8642,0.1212,640.2444,639.8570,639.8570,0.0536,100.00,413,0
310,2,24,656.8281,0.0916,1312.4379,1311.6417,1311.6417,0.0536,195.51,329,187
310,2,86,669.8232,0.1612,1338.5309,1337.6319,1337.6319,0.0536,3.12,329,38
311,2,517,628.8776,0.1056,1256.5084,1255.7407,1255.7407,0.0994,100.00,4768,1087
311,3,264,722.7250,0.0683,2166.5588,2165.1532,2166.1561,0.2265,100.00,648,391
311,2,121,593.3310,0.0482,1185.3729,1184.6475,1184.6475,0.2265,100.00,637,101
311,2,228,700.3307,0.2275,1399.5865,1398.6469,1398.6469,1.3101,15.12,340,138
311,3,47,830.4224,0.2449,2488.8503,2487.2424,2488.2453,1.3101,10.00,111,315
311,2,174,648.3913,0.2680,1295.5617,1294.7680,1294.7680,1.2671,100.00,281,75
312,2,306,628.8790,0.1155,1256.5110,1255.7434,1255.7434,0.0643,100.00,2369,505
312,2,179,700.3284,0.1908,1399.5818,1398.6422,1398.6422,0.3009,10.56,360,168
312,2,252,619.7842,0.0554,1238.3075,1237.5539,1237.5539,0.0400,4.37,442,80
312,3,212,722.7290,0.1712,2166.5708,2165.1653,2166.1682,0.0423,8.66,395,285
312,3,80,830.4147,0.3452,2488.8274,2487.2195,2488.2224,0.0423,5.93,111,248
312,2,124,593.3443,0.1093,1185.3995,1184.6741,1184.6741,0.0423,100.00,328,87
313,2,59,628.8646,0.0624,1256.4823,1255.7147,1255.7147,0.0000,100.00,852,328
313,2,44,700.3265,0.1957,1399.5780,1398.6384,1398.6384,0.0000,8.94,371,229
313,2,108,593.3495,0.1429,1185.4100,1184.6845,1184.6845,0.0000,100.00,286,69
314,2,50,628.8686,0.2009,1256.4904,1255.7227,1255.7227,0.0000,4.11,459,170
314,2,98,700.2767,0.1754,1399.4785,1398.5388,1398.5388,0.0000,6.16,239,202
314,2,96,685.3372,0.2433,1369.5837,1368.6599,1368.6599,0.0000,5.02,269,104
314,2,41,697.3201,0.1416,1400.5482,1399.6094,1399.6094,0.0000,100.00,216,39
315,3,177,685.0012,0.3738,2052.3152,2050.9787,2051.9816,0.0000,10.26,29,394
315,2,149,629.3409,0.2893,1257.4349,1256.6672,1256.6672,0.0000,10.16,429,448
316,3,356,685.0214,0.3849,2052.3759,2051.0395,2052.0424,0.0000,100.00,211,900
316,2,6,628.8678,0.1691,1256.4886,1255.7210,1255.7210,0.0000,3.33,348,185
317,3,855,685.0154,0.1300,2053.3608,2052.0244,2053.0273,0.0861,46.16,2991,1821
317,2,161,736.3593,0.1833,1471.6860,1470.7041,1470.7041,0.0861,28.72,324,80
317,1,14,628.8654,0.1969,628.2417,627.8581,627.8581,0.0861,3.09,313,0
317,2,126,710.3579,0.1391,1419.6531,1418.7012,1418.7012,0.0861,3.15,237,112
318,3,1980,685.0143,0.0481,2053.3576,2052.0211,2053.0240,0.0726,56.03,3630,2182
318,2,45,700.9090,0.2606,1400.7433,1399.8035,1399.8035,0.0726,100.00,373,91
319,3,1153,685.0181,0.0644,2053.3690,2052.0326,2053.0355,0.1005,62.52,4051,2509
319,2,115,731.8828,0.1586,1461.7267,1460.7481,1460.7481,0.1005,23.97,348,161
319,2,80,700.9090,0.2355,1400.7433,1399.8035,1399.8035,0.1005,100.00,373,270
319,2,36,650.4088,0.1279,1299.5972,1298.8030,1298.8030,0.1005,5.49,323,160
319,2,126,649.8970,0.3914,1298.5736,1297.7795,1297.7795,0.1005,100.00,262,151
320,3,2067,685.3604,0.0888,2053.3930,2052.0565,2053.0594,0.0835,100.00,3440,2329
320,2,174,731.8659,0.1712,1461.6930,1460.7145,1460.7145,0.0835,100.00,872,167
320,2,431,700.9081,0.2081,1400.7415,1399.8017,1399.8017,0.0763,30.46,362,270
320,2,62,650.4032,0.1573,1299.5862,1298.7920,1298.7920,0.0763,100.00,353,160
320,3,37,968.1200,0.3262,2902.1928,2900.3353,2901.3382,0.0763,100.00,70,315
321,3,198,685.3576,0.0989,2053.3847,2052.0481,2053.0510,0.0000,100.00,2095,1705
321,2,333,731.3784,0.0714,1461.7206,1460.7422,1460.7422,0.0842,146.44,1556,562
321,3,91,968.1306,0.3066,2902.2245,2900.3670,2901.3698,0.0842,100.00,86,348
321,2,276,650.4078,0.1947,1299.5953,1298.8010,1298.8010,0.0607,3.81,423,195
321,2,49,649.8726,0.3021,1298.5247,1297.7306,1297.7306,0.0607,100.00,258,151
322,2,1007,731.3779,0.0430,1461.7198,1460.7413,1460.7413,0.0640,197.31,2097,625
322,3,267,685.3553,0.0890,2053.3777,2052.0412,2053.0441,0.0968,100.00,1261,1026
322,3,272,968.1316,0.3064,2902.2276,2900.3700,2901.3729,8.0041,100.00,86,389
322,2,129,650.4075,0.1843,1299.5946,1298.8004,1298.8004,8.0041,100.00,403,195
322,2,30,725.8704,0.2673,1449.6908,1448.7234,1448.7234,8.0041,100.00,218,79
323,2,937,731.3777,0.0726,1461.7192,1460.7408,1460.7408,0.1564,230.89,2454,520
323,3,394,968.1307,0.2852,2902.2249,2900.3673,2901.3702,0.1685,100.00,73,406
323,4,133,685.6739,0.2976,2739.4221,2737.6635,2738.6664,0.1685,11.79,401,289
323,1,69,685.0210,0.0693,684.4264,684.0137,684.0137,0.1685,100.00,622,0
323,2,142,725.3468,0.1283,1449.6463,1448.6790,1448.6790,0.1685,21.49,326,70
323,2,106,740.4015,0.2324,1479.7810,1478.7885,1478.7885,0.1685,8.47,229,136
324,2,587,731.3758,0.0595,1461.7154,1460.7370,1460.7370,0.1263,100.00,2303,598
324,3,200,968.1313,0.3040,2902.2268,2900.3693,2901.3722,14.3622,10.07,180,322
324,2,235,725.3385,0.1267,1449.6297,1448.6624,1448.6624,0.0631,100.00,385,97
324,3,41,685.6663,0.2033,2054.3111,2052.9743,2053.9772,0.0631,100.00,256,99
324,2,27,740.8748,0.1268,1480.7276,1479.7350,1479.7350,0.0631,3.60,250,39
325,2,533,731.3757,0.1349,1461.7153,1460.7369,1460.7369,0.0827,100.00,1738,592
325,3,102,968.1340,0.3303,2902.2348,2900.3773,2901.3801,0.0827,20.51,186,321
325,2,130,725.3453,0.1799,1449.6434,1448.6761,1448.6761,0.0827,22.41,475,94
325,2,54,740.3584,0.0656,1479.6948,1478.7023,1478.7023,0.0827,100.00,259,89
326,2,111,731.3756,0.1312,1461.7150,1460.7366,1460.7366,0.0000,100.00,1065,212
326,2,194,725.3475,0.1991,1449.6478,1448.6805,1448.6805,0.2846,100.00,541,114
326,3,94,968.4169,0.1695,2902.0811,2900.2234,2901.2263,0.2846,18.54,177,485
326,2,85,740.8778,0.1055,1479.7307,1478.7381,1478.7381,0.2846,27.08,277,77
327,2,138,731.3817,0.1213,1461.7272,1460.7488,1460.7488,0.0000,100.00,500,136
327,3,188,968.0588,0.1731,2902.0094,2900.1518,2901.1547,0.2231,7.76,177,405
327,2,172,725.3588,0.2228,1449.6704,1448.7031,1448.7031,0.2231,100.00,385,114
327,2,97,740.8778,0.1211,1479.7307,1478.7381,1478.7381,0.2231,27.08,264,77
328,3,211,968.1105,0.2321,2902.1643,2900.3068,2901.3097,0.0888,681.68,193,453
328,2,194,725.3695,0.2570,1449.6917,1448.7244,1448.7244,2.4232,7.66,321,114
328,2,388,759.3916,0.1887,1517.7777,1516.7687,1516.7687,0.0488,15.31,296,24
329,3,86,968.4190,0.1659,2902.0874,2900.2298,2901.2327,0.0000,64.58,217,492
329,2,90,759.3903,0.2236,1517.7752,1516.7661,1516.7661,0.0000,100.00,407,117
330,2,110,759.9303,0.3578,1518.8553,1517.8461,1517.8461,0.0000,13.99,516,196
330,2,126,759.3911,0.3982,1517.7767,1516.7677,1516.7677,0.0000,22.28,431,0
331,2,296,759.8987,0.2146,1517.7891,1516.7800,1516.7800,0.0955,100.00,556,226
331,3,177,968.0681,0.2102,2902.0370,2900.1795,2901.1824,0.0526,23.54,171,207
332,2,190,759.9028,0.1127,1517.7975,1516.7883,1516.7883,0.2041,100.00,828,352
332,2,351,774.8969,0.1612,1547.8108,1546.7765,1546.7765,0.0689,18.07,306,131
333,2,607,759.8979,0.1031,1517.7876,1516.7784,1516.7784,0.0897,100.00,1025,400
333,2,194,774.4097,0.1489,1547.8390,1546.8048,1546.8048,0.0390,100.00,643,139
333,2,100,745.3745,0.0797,1489.7285,1488.7345,1488.7345,0.0390,100.00,270,120
334,2,188,774.4159,0.2016,1547.8515,1546.8173,1546.8173,0.0643,100.00,1145,269
334,2,521,759.3971,0.1589,1517.7886,1516.7796,1516.7796,0.0823,100.00,1035,440
334,2,297,745.3795,0.0669,1489.7385,1488.7445,1488.7445,0.3788,100.00,401,155
335,2,568,774.4142,0.2092,1547.8480,1546.8138,1546.8138,0.0881,100.00,1179,524
335,2,312,759.3986,0.1458,1517.7917,1516.7826,1516.7826,0.0513,100.00,991,380
335,2,161,745.3862,0.1140,1489.7519,1488.7580,1488.7580,0.0513,100.00,602,203
336,2,813,774.4127,0.1801,1547.8451,1546.8109,1546.8109,0.0656,100.00,1150,526
336,2,183,745.3882,0.0934,1489.7558,1488.7618,1488.7618,0.0656,100.00,737,266
336,2,156,759.3980,0.2334,1517.7905,1516.7814,1516.7814,0.0656,100.00,727,345
337,2,117,774.4129,0.1648,1547.8455,1546.8113,1546.8113,0.0000,100.00,1141,523
337,2,341,745.3972,0.1443,1489.7738,1488.7798,1488.7798,0.0432,15.43,731,282
337,2,136,760.8831,0.3323,1520.7704,1519.7516,1519.7516,0.0432,100.00,564,0
337,2,94,759.3946,0.1393,1517.7836,1516.7746,1516.7746,0.0432,100.00,472,254
338,2,155,774.4192,0.1718,1547.8581,1546.8239,1546.8239,0.0000,100.00,1220,483
338,2,265,745.3949,0.1555,1489.7692,1488.7753,1488.7753,0.1711,21.94,714,259
338,1,25,813.3887,0.0512,812.8764,812.3815,812.3815,0.1711,3.47,251,79
339,2,141,774.4050,0.0592,1547.8296,1546.7954,1546.7954,0.0000,100.00,915,451
339,2,305,745.3955,0.1523,1489.7704,1488.7764,1488.7764,0.0412,19.01,619,259
339,1,194,813.3952,0.0629,812.8828,812.3879,812.3879,0.0412,3.42,223,79
340,2,653,774.4172,0.1462,1547.8541,1546.8199,1546.8199,0.0844,100.00,1349,289
340,1,374,813.4044,0.0636,812.8921,812.3972,812.3972,0.0479,160.43,218,108
340,2,211,745.3977,0.1416,1489.7749,1488.7809,1488.7809,0.0358,100.00,421,268
341,2,424,774.4182,0.0990,1547.8561,1546.8219,1546.8219,0.0454,100.00,1311,286
341,1,81,813.4027,0.1290,812.8903,812.3954,812.3954,0.0454,3.80,226,108
341,2,121,755.9592,0.2277,1510.9104,1509.9040,1509.9040,0.0454,5.42,290,102
342,2,759,774.4258,0.1535,1547.8714,1546.8372,1546.8372,0.0748,100.00,1390,274
342,1,99,813.4002,0.2223,812.8879,812.3930,812.3930,0.0748,3.62,306,49
343,2,100,774.4296,0.1699,1547.8789,1546.8447,1546.8447,0.0000,100.00,1327,284
344,2,443,774.4338,0.2575,1547.8872,1546.8530,1546.8530,0.0634,27.30,1317,212
345,2,631,774.4262,0.2207,1547.8720,1546.8378,1546.8378,0.0671,58.14,936,154
346,2,187,774.4258,0.3236,1547.8712,1546.8370,1546.8370,4.0047,56.28,906,123
346,1,270,813.4708,0.2347,812.9585,812.4636,812.4636,0.7927,3.85,255,40
347,2,198,774.4185,0.3816,1547.8566,1546.8224,1546.8224,0.0745,100.00,686,80
347,1,118,813.4708,0.2420,812.9585,812.4636,812.4636,0.0745,3.85,255,0
348,1,40,813.4727,0.2120,812.9604,812.4655,812.4655,0.0000,3.74,256,0
349,2,24,853.9197,0.3400,1706.9552,1705.8248,1705.8248,0.0000,16.36,157,32
350,2,68,859.4880,0.2421,1717.0907,1715.9586,1715.9586,0.0000,100.00,121,130
352,2,167,859.4917,0.3848,1718.1010,1716.9689,1716.9689,0.0497,33.92,220,101
353,2,30,859.9320,0.2408,1718.9818,1717.8495,1717.8495,0.0000,5.84,132,0
354,3,58,908.1841,0.1894,2722.2744,2720.5276,2721.5305,0.0000,20.57,188,116
355,3,23,907.8586,0.2527,2721.2977,2719.5511,2720.5540,0.0000,3.67,0,223
356,3,335,908.1809,0.2717,2722.2648,2720.5181,2721.5209,0.0603,100.00,126,135
357,3,52,908.1868,0.2298,2722.2824,2720.5356,2721.5385,0.0000,100.00,148,212
357,2,22,853.4524,0.1947,1706.0205,1704.8903,1704.8903,0.0000,100.00,150,16
358,3,28,908.1868,0.1855,2722.2824,2720.5356,2721.5385,0.0000,100.00,206,214
361,2,27,853.9906,0.3562,1706.0943,1704.9639,1704.9639,0.0000,5.69,191,16
361,2,116,843.4973,0.1411,1685.0931,1683.9772,1683.9772,0.0000,100.00,146,56
363,2,83,842.9969,0.3930,1685.0951,1683.9793,1683.9793,0.0000,3.23,176,46
397,1,1,679.3550,0.1644,678.7595,678.3477,678.3477,0.0000,3.24,187,29
399,1,286,679.3563,0.1523,678.7607,678.3490,678.3490,0.0451,3.20,187,0
400,1,56,679.3565,0.1525,678.7609,678.3492,678.3492,0.0000,3.15,186,0
401,1,6,679.3615,0.1015,678.7660,678.3542,678.3542,0.0000,9.25,209,0
